Duration of lap 0.0131431 s0.293677;0.19005
0.293677;0.19005
0.293677;0.19005
0.293677;0.19005
0.293677;0.19005
0.293677;0.19005
0.293677;0.19005
0.293677;0.19005
0.293677;0.19005
0.293677;0.19005
0.293677;0.19005
0.293677;0.19005
0.293677;0.19005
0.293677;0.19005
0.293677;0.19005
0.293677;0.19005
0.293677;0.19005
0.293677;0.19005
0.293677;0.19005
0.293677;0.19005
0.293677;0.19005
0.293677;0.19005
0.298623;0.190783
0.303576;0.191467
0.308535;0.192102
0.3135;0.192687
0.318471;0.193222
0.323447;0.193708
0.328428;0.194143
0.333413;0.194529
0.338401;0.194865
0.343392;0.195152
0.348386;0.195388
0.353383;0.195574
0.35838;0.19571
0.363379;0.195797
0.368379;0.195833
0.373379;0.195819
0.378378;0.195756
0.383376;0.195642
0.388373;0.195478
0.393368;0.195265
0.398361;0.195001
0.403351;0.194688
0.408337;0.194324
0.41332;0.193911
0.418298;0.193448
0.423271;0.192936
0.428239;0.192373
0.433201;0.191761
0.438157;0.191099
0.443106;0.190388
0.448047;0.189627
0.452981;0.188817
0.457906;0.187958
0.462822;0.18705
0.46773;0.186092
0.472627;0.185085
0.477514;0.18403
0.48239;0.182925
0.487255;0.181772
0.492108;0.18057
0.496949;0.17932
0.501777;0.178022
0.506592;0.176675
0.511393;0.17528
0.51618;0.173837
0.520952;0.172347
0.525709;0.170809
0.530451;0.169223
0.535176;0.16759
0.539885;0.16591
0.544577;0.164182
0.549251;0.162408
0.553908;0.160588
0.558545;0.15872
0.563164;0.156807
0.567764;0.154847
0.572344;0.152842
0.576904;0.150791
0.581442;0.148694
0.58596;0.146552
0.590456;0.144365
0.59493;0.142133
0.599381;0.139857
0.603809;0.137536
0.608214;0.135171
0.612595;0.132762
0.616952;0.13031
0.621284;0.127813
0.625591;0.125274
0.629872;0.122692
0.634127;0.120067
0.638356;0.1174
0.642558;0.11469
0.646732;0.111939
0.650879;0.109146
0.654998;0.106312
0.659088;0.103436
0.663149;0.10052
0.667181;0.0975636
0.671183;0.0945669
0.675155;0.0915303
0.679096;0.0884539
0.683038;0.0853775
0.686979;0.0823011
0.690921;0.0792248
0.694862;0.0761484
0.698804;0.073072
0.702745;0.0699956
0.706687;0.0669193
0.710629;0.0638429
0.71457;0.0607665
0.718512;0.0576901
0.722453;0.0546138
0.726395;0.0515374
0.730336;0.048461
0.734278;0.0453846
0.738219;0.0423083
0.742161;0.0392319
0.746102;0.0361555
0.750044;0.0330791
0.753985;0.0300027
0.757927;0.0269264
0.761868;0.02385
0.76581;0.0207736
0.769752;0.0176972
0.773693;0.0146208
0.777635;0.0115445
0.781576;0.00846809
0.785518;0.00539172
0.789459;0.00231534
0.793401;-0.000761038
0.797342;-0.00383742
0.801284;-0.00691379
0.805225;-0.00999017
0.809167;-0.0130665
0.813108;-0.0161429
0.81705;-0.0192193
0.820992;-0.0222957
0.824933;-0.0253721
0.828875;-0.0284484
0.832816;-0.0315248
0.836758;-0.0346012
0.840699;-0.0376776
0.844641;-0.0407539
0.848582;-0.0438303
0.852524;-0.0469067
0.856465;-0.0499831
0.860407;-0.0530595
0.864348;-0.0561358
0.86829;-0.0592122
0.872231;-0.0622886
0.876173;-0.065365
0.880115;-0.0684413
0.884056;-0.0715177
0.887998;-0.0745941
0.891939;-0.0776705
0.895881;-0.0807468
0.899822;-0.0838232
0.903764;-0.0868996
0.907705;-0.089976
0.911647;-0.0930523
0.915588;-0.0961287
0.91953;-0.0992051
0.923471;-0.102281
0.927413;-0.105358
0.931355;-0.108434
0.935296;-0.111511
0.939238;-0.114587
0.943179;-0.117663
0.947121;-0.12074
0.951062;-0.123816
0.955004;-0.126892
0.958945;-0.129969
0.962887;-0.133045
0.966828;-0.136122
0.97077;-0.139198
0.974711;-0.142274
0.978653;-0.145351
0.982594;-0.148427
0.986536;-0.151503
0.990478;-0.15458
0.994419;-0.157656
0.998361;-0.160733
1.0023;-0.163809
1.00624;-0.166885
1.01019;-0.169962
1.01413;-0.173038
1.01807;-0.176114
1.02201;-0.179191
1.02595;-0.182267
1.02989;-0.185344
1.03383;-0.18842
1.03778;-0.191496
1.04172;-0.194573
1.04566;-0.197649
1.0496;-0.200725
1.05354;-0.203802
1.05748;-0.206878
1.06143;-0.209955
1.06537;-0.213031
1.06931;-0.216107
1.07325;-0.219184
1.07719;-0.22226
1.08113;-0.225336
1.08507;-0.228413
1.08902;-0.231489
1.09296;-0.234566
1.0969;-0.237642
1.10084;-0.240718
1.10478;-0.243795
1.10872;-0.246871
1.11267;-0.249947
1.11661;-0.253024
1.12055;-0.2561
1.12449;-0.259177
1.12843;-0.262253
1.13237;-0.265329
1.13631;-0.268406
1.14026;-0.271482
1.1442;-0.274558
1.14814;-0.277635
1.15208;-0.280711
1.15602;-0.283788
1.15996;-0.286864
1.16391;-0.28994
1.16785;-0.293017
1.17179;-0.296093
1.17573;-0.299169
1.17967;-0.302246
1.18361;-0.305322
1.18755;-0.308399
1.1915;-0.311475
1.19544;-0.314551
1.19938;-0.317628
1.20332;-0.320704
1.20726;-0.32378
1.2112;-0.326857
1.21515;-0.329933
1.21909;-0.33301
1.22303;-0.336086
1.22697;-0.339162
1.23091;-0.342239
1.23485;-0.345315
1.23879;-0.348391
1.24274;-0.351468
1.24668;-0.354544
1.25062;-0.357621
1.25456;-0.360697
1.2585;-0.363773
1.26244;-0.36685
1.26639;-0.369926
1.27033;-0.373002
1.27427;-0.376079
1.27821;-0.379155
1.28215;-0.382232
1.28609;-0.385308
1.29003;-0.388384
1.29398;-0.391461
1.29792;-0.394537
1.30186;-0.397613
1.3058;-0.40069
1.30974;-0.403766
1.31368;-0.406843
1.31763;-0.409919
1.32157;-0.412995
1.32551;-0.416072
1.32945;-0.419148
1.33339;-0.422224
1.33733;-0.425301
1.34127;-0.428377
1.34522;-0.431454
1.34916;-0.43453
1.3531;-0.437606
1.35704;-0.440683
1.36098;-0.443759
1.36492;-0.446835
1.36887;-0.449912
1.37281;-0.452988
1.37675;-0.456065
1.38069;-0.459141
1.38463;-0.462217
1.38857;-0.465294
1.39251;-0.46837
1.39646;-0.471446
1.4004;-0.474523
1.40434;-0.477599
1.40828;-0.480676
1.41222;-0.483752
1.41616;-0.486828
1.4201;-0.489905
1.42405;-0.492981
1.42799;-0.496057
1.43193;-0.499134
1.43587;-0.50221
1.43981;-0.505287
1.44375;-0.508363
1.4477;-0.511439
1.45164;-0.514516
1.45558;-0.517592
1.45952;-0.520668
1.46346;-0.523745
1.4674;-0.526821
1.47134;-0.529898
1.47529;-0.532974
1.47923;-0.53605
1.48317;-0.539127
1.48711;-0.542203
1.49105;-0.545279
1.49499;-0.548356
1.49894;-0.551432
1.50288;-0.554509
1.50682;-0.557585
1.51076;-0.560661
1.5147;-0.563738
1.51864;-0.566814
1.52258;-0.56989
1.52653;-0.572967
1.53047;-0.576043
1.53441;-0.57912
1.53835;-0.582196
1.54229;-0.585272
1.54623;-0.588349
1.55018;-0.591425
1.55412;-0.594501
1.55806;-0.597578
1.562;-0.600654
1.56594;-0.60373
1.56988;-0.606807
1.57382;-0.609883
1.57777;-0.61296
1.58171;-0.616036
1.58565;-0.619112
1.58959;-0.622189
1.59353;-0.625265
1.59747;-0.628341
1.60142;-0.631418
1.60536;-0.634494
1.6093;-0.637571
1.61324;-0.640647
1.61718;-0.643723
1.62112;-0.6468
1.62506;-0.649876
1.62901;-0.652952
1.63295;-0.656029
1.63689;-0.659105
1.64083;-0.662182
1.64477;-0.665258
1.64871;-0.668334
1.65266;-0.671411
1.6566;-0.674487
1.66054;-0.677563
1.66448;-0.68064
1.66842;-0.683716
1.67236;-0.686793
1.6763;-0.689869
1.68025;-0.692945
1.68419;-0.696022
1.68813;-0.699098
1.69207;-0.702174
1.69601;-0.705251
1.69995;-0.708327
1.7039;-0.711404
1.70784;-0.71448
1.71178;-0.717556
1.71572;-0.720633
1.71966;-0.723709
1.7236;-0.726785
1.72754;-0.729862
1.73149;-0.732938
1.73543;-0.736015
1.73937;-0.739091
1.74331;-0.742167
1.74725;-0.745244
1.75119;-0.74832
1.75514;-0.751396
1.75908;-0.754473
1.76302;-0.757549
1.76696;-0.760626
1.7709;-0.763702
1.77484;-0.766778
1.77878;-0.769855
1.78273;-0.772931
1.78667;-0.776007
1.79061;-0.779084
1.79455;-0.78216
1.79849;-0.785237
1.80243;-0.788313
1.80638;-0.791389
1.81032;-0.794466
1.81426;-0.797542
1.8182;-0.800618
1.82214;-0.803695
1.82608;-0.806771
1.83002;-0.809848
1.83397;-0.812924
1.83791;-0.816
1.84185;-0.819077
1.84579;-0.822153
1.84973;-0.825229
1.85367;-0.828306
1.85762;-0.831382
1.86156;-0.834459
1.8655;-0.837535
1.86944;-0.840611
1.87338;-0.843688
1.87732;-0.846764
1.88126;-0.84984
1.88521;-0.852917
1.88915;-0.855993
1.89309;-0.85907
1.89703;-0.862146
1.90097;-0.865222
1.90491;-0.868299
1.90886;-0.871375
1.9128;-0.874451
1.91674;-0.877528
1.92068;-0.880604
1.92462;-0.883681
1.92856;-0.886757
1.9325;-0.889833
1.93645;-0.89291
1.94039;-0.895986
1.94433;-0.899062
1.94827;-0.902139
1.95221;-0.905215
1.95615;-0.908292
1.9601;-0.911368
1.96404;-0.914444
1.96798;-0.917521
1.97192;-0.920597
1.97586;-0.923673
1.9798;-0.92675
1.98374;-0.929826
1.98769;-0.932903
1.99163;-0.935979
1.99557;-0.939055
1.99951;-0.942132
2.00345;-0.945208
2.00739;-0.948284
2.01134;-0.951361
2.01528;-0.954437
2.01922;-0.957514
2.02316;-0.96059
2.0271;-0.963666
2.03104;-0.966743
2.03498;-0.969819
2.03893;-0.972895
2.04287;-0.975972
2.04681;-0.979048
2.05075;-0.982125
2.05469;-0.985201
2.05863;-0.988277
2.06258;-0.991354
2.06652;-0.99443
2.07046;-0.997506
2.0744;-1.00058
2.07834;-1.00366
2.08228;-1.00674
2.08622;-1.00981
2.09017;-1.01289
2.09411;-1.01596
2.09805;-1.01904
2.10199;-1.02212
2.10593;-1.02519
2.10987;-1.02827
2.11382;-1.03135
2.11776;-1.03442
2.1217;-1.0375
2.12564;-1.04058
2.12958;-1.04365
2.13352;-1.04673
2.13746;-1.04981
2.14141;-1.05288
2.14535;-1.05596
2.14929;-1.05904
2.15323;-1.06211
2.15717;-1.06519
2.16111;-1.06826
2.16506;-1.07134
2.169;-1.07442
2.17294;-1.07749
2.17688;-1.08057
2.18082;-1.08365
2.18476;-1.08672
2.1887;-1.0898
2.19265;-1.09288
2.19659;-1.09595
2.20053;-1.09903
2.20447;-1.10211
2.20841;-1.10518
2.21235;-1.10826
2.2163;-1.11133
2.22024;-1.11441
2.22418;-1.11749
2.22812;-1.12056
2.23206;-1.12364
2.236;-1.12672
2.23994;-1.12979
2.24389;-1.13287
2.24783;-1.13595
2.25177;-1.13902
2.25571;-1.1421
2.25965;-1.14518
2.26359;-1.14825
2.26754;-1.15133
2.27148;-1.1544
2.27542;-1.15748
2.27936;-1.16056
2.2833;-1.16363
2.28724;-1.16671
2.29118;-1.16979
2.29513;-1.17286
2.29907;-1.17594
2.30301;-1.17902
2.30695;-1.18209
2.31089;-1.18517
2.31483;-1.18825
2.31878;-1.19132
2.32272;-1.1944
2.32666;-1.19747
2.3306;-1.20055
2.33454;-1.20363
2.33848;-1.2067
2.34242;-1.20978
2.34637;-1.21286
2.35031;-1.21593
2.35425;-1.21901
2.35819;-1.22209
2.36213;-1.22516
2.36607;-1.22824
2.37002;-1.23132
2.37396;-1.23439
2.3779;-1.23747
2.38184;-1.24054
2.38578;-1.24362
2.38972;-1.2467
2.39366;-1.24977
2.39761;-1.25285
2.40155;-1.25593
2.40549;-1.259
2.40943;-1.26208
2.41337;-1.26516
2.41731;-1.26823
2.42126;-1.27131
2.4252;-1.27439
2.42914;-1.27746
2.43308;-1.28054
2.43702;-1.28361
2.44096;-1.28669
2.4449;-1.28977
2.44885;-1.29284
2.45279;-1.29592
2.45673;-1.299
2.46067;-1.30207
2.46461;-1.30515
2.46855;-1.30823
2.4725;-1.3113
2.47644;-1.31438
2.48038;-1.31746
2.48432;-1.32053
2.48826;-1.32361
2.4922;-1.32668
2.49614;-1.32976
2.50009;-1.33284
2.50403;-1.33591
2.50797;-1.33899
2.51191;-1.34207
2.51585;-1.34514
2.51979;-1.34822
2.52374;-1.3513
2.52768;-1.35437
2.53162;-1.35745
2.53556;-1.36053
2.5395;-1.3636
2.54344;-1.36668
2.54738;-1.36975
2.55133;-1.37283
2.55527;-1.37591
2.55921;-1.37898
2.56315;-1.38206
2.56709;-1.38514
2.57103;-1.38821
2.57498;-1.39129
2.57892;-1.39437
2.58286;-1.39744
2.5868;-1.40052
2.59074;-1.4036
2.59468;-1.40667
2.59862;-1.40975
2.60257;-1.41282
2.60651;-1.4159
2.61045;-1.41898
2.61439;-1.42205
2.61833;-1.42513
2.62227;-1.42821
2.62621;-1.43128
2.63016;-1.43436
2.6341;-1.43744
2.63804;-1.44051
2.64198;-1.44359
2.64592;-1.44667
2.64986;-1.44974
2.65381;-1.45282
2.65775;-1.4559
2.66169;-1.45897
2.66563;-1.46205
2.66957;-1.46512
2.67351;-1.4682
2.67745;-1.47128
2.6814;-1.47435
2.68534;-1.47743
2.68928;-1.48051
2.69322;-1.48358
2.69716;-1.48666
2.7011;-1.48974
2.70505;-1.49281
2.70899;-1.49589
2.71293;-1.49897
2.71687;-1.50204
2.72081;-1.50512
2.72475;-1.50819
2.72869;-1.51127
2.73264;-1.51435
2.73658;-1.51742
2.74052;-1.5205
2.74446;-1.52358
2.7484;-1.52665
2.75234;-1.52973
2.75629;-1.53281
2.76023;-1.53588
2.76417;-1.53896
2.76811;-1.54204
2.77205;-1.54511
2.77599;-1.54819
2.77993;-1.55126
2.78388;-1.55434
2.78782;-1.55742
2.79176;-1.56049
2.7957;-1.56357
2.79964;-1.56665
2.80358;-1.56972
2.80753;-1.5728
2.81147;-1.57588
2.81541;-1.57895
2.81935;-1.58203
2.82329;-1.58511
2.82723;-1.58818
2.83117;-1.59126
2.83512;-1.59433
2.83906;-1.59741
2.843;-1.60049
2.84694;-1.60356
2.85088;-1.60664
2.85482;-1.60972
2.85877;-1.61279
2.86271;-1.61587
2.86665;-1.61895
2.87059;-1.62202
2.87453;-1.6251
2.87847;-1.62818
2.88241;-1.63125
2.88636;-1.63433
2.8903;-1.6374
2.89424;-1.64048
2.89818;-1.64356
2.90212;-1.64663
2.90606;-1.64971
2.91001;-1.65279
2.91395;-1.65586
2.91789;-1.65894
2.92183;-1.66202
2.92577;-1.66509
2.92971;-1.66817
2.93365;-1.67125
2.9376;-1.67432
2.94154;-1.6774
2.94548;-1.68047
2.94942;-1.68355
2.95336;-1.68663
2.9573;-1.6897
2.96125;-1.69278
2.96519;-1.69586
2.96913;-1.69893
2.97307;-1.70201
2.97701;-1.70509
2.98095;-1.70816
2.98489;-1.71124
2.98884;-1.71432
2.99278;-1.71739
2.99672;-1.72047
3.00066;-1.72354
3.0046;-1.72662
3.00854;-1.7297
3.01249;-1.73277
3.01643;-1.73585
3.02037;-1.73893
3.02431;-1.742
3.02825;-1.74508
3.03219;-1.74816
3.03613;-1.75123
3.04008;-1.75431
3.04402;-1.75739
3.04796;-1.76046
3.0519;-1.76354
3.05584;-1.76661
3.05978;-1.76969
3.06373;-1.77277
3.06767;-1.77584
3.07161;-1.77892
3.07555;-1.782
3.07949;-1.78507
3.08343;-1.78815
3.08737;-1.79123
3.09132;-1.7943
3.09526;-1.79738
3.0992;-1.80046
3.10314;-1.80353
3.10708;-1.80661
3.11102;-1.80968
3.11497;-1.81276
3.11891;-1.81584
3.12285;-1.81891
3.12679;-1.82199
3.13073;-1.82507
3.13467;-1.82814
3.13861;-1.83122
3.14256;-1.8343
3.1465;-1.83737
3.15044;-1.84045
3.15438;-1.84353
3.15832;-1.8466
3.16226;-1.84968
3.16621;-1.85276
3.17015;-1.85583
3.17409;-1.85891
3.17803;-1.86198
3.18197;-1.86506
3.18591;-1.86814
3.18985;-1.87121
3.1938;-1.87429
3.19774;-1.87737
3.20168;-1.88044
3.20562;-1.88352
3.20956;-1.8866
3.2135;-1.88967
3.21745;-1.89275
3.22139;-1.89583
3.22533;-1.8989
3.22927;-1.90198
3.23321;-1.90505
3.23715;-1.90813
3.24109;-1.91121
3.24504;-1.91428
3.24898;-1.91736
3.25292;-1.92044
3.25686;-1.92351
3.2608;-1.92659
3.26474;-1.92967
3.26869;-1.93274
3.27263;-1.93582
3.27657;-1.9389
3.28051;-1.94197
3.28445;-1.94505
3.28839;-1.94812
3.29233;-1.9512
3.29628;-1.95428
3.30022;-1.95735
3.30416;-1.96043
3.3081;-1.96351
3.31204;-1.96658
3.31598;-1.96966
3.31993;-1.97274
3.32387;-1.97581
3.32781;-1.97889
3.33175;-1.98197
3.33569;-1.98504
3.33963;-1.98812
3.34357;-1.99119
3.34752;-1.99427
3.35146;-1.99735
3.3554;-2.00042
3.35934;-2.0035
3.36328;-2.00658
3.36722;-2.00965
3.37117;-2.01273
3.37511;-2.01581
3.37905;-2.01888
3.38299;-2.02196
3.38693;-2.02503
3.39087;-2.02811
3.39481;-2.03119
3.39876;-2.03426
3.4027;-2.03734
3.40664;-2.04042
3.41058;-2.04349
3.41452;-2.04657
3.41846;-2.04965
3.42241;-2.05272
3.42635;-2.0558
3.43029;-2.05887
3.43423;-2.06195
3.43817;-2.06503
3.44211;-2.0681
3.44605;-2.07118
3.45;-2.07426
3.45394;-2.07733
3.45788;-2.08041
3.46182;-2.08348
3.46576;-2.08656
3.4697;-2.08964
3.47365;-2.09271
3.47759;-2.09579
3.48153;-2.09887
3.48547;-2.10194
3.48941;-2.10502
3.49335;-2.1081
3.49729;-2.11117
3.50124;-2.11425
3.50518;-2.11732
3.50912;-2.1204
3.51306;-2.12348
3.517;-2.12655
3.52094;-2.12963
3.52489;-2.13271
3.52883;-2.13578
3.53277;-2.13886
3.53671;-2.14193
3.54065;-2.14501
3.54459;-2.14809
3.54853;-2.15116
3.55248;-2.15424
3.55642;-2.15732
3.56036;-2.16039
3.5643;-2.16347
3.56824;-2.16655
3.57218;-2.16962
3.57613;-2.1727
3.58007;-2.17577
3.58401;-2.17885
3.58795;-2.18193
3.59189;-2.185
3.59583;-2.18808
3.59977;-2.19116
3.60372;-2.19423
3.60766;-2.19731
3.6116;-2.20038
3.61554;-2.20346
3.61948;-2.20654
3.62342;-2.20961
3.62737;-2.21269
3.63131;-2.21577
3.63525;-2.21884
3.63919;-2.22192
3.64313;-2.225
3.64707;-2.22807
3.65101;-2.23115
3.65496;-2.23422
3.6589;-2.2373
3.66284;-2.24038
3.66678;-2.24345
3.67072;-2.24653
3.67466;-2.24961
3.67861;-2.25268
3.68255;-2.25576
3.68649;-2.25883
3.69043;-2.26191
3.69437;-2.26499
3.69831;-2.26806
3.70225;-2.27114
3.7062;-2.27422
3.71014;-2.27729
3.71408;-2.28037
3.71802;-2.28345
3.72196;-2.28652
3.7259;-2.2896
3.72985;-2.29267
3.73379;-2.29575
3.73773;-2.29883
3.74167;-2.3019
3.74561;-2.30498
3.74955;-2.30806
3.75349;-2.31113
3.75744;-2.31421
3.76138;-2.31728
3.76532;-2.32036
3.76926;-2.32344
3.7732;-2.32651
3.77714;-2.32959
3.78109;-2.33267
3.78503;-2.33574
3.78897;-2.33882
3.79291;-2.3419
3.79685;-2.34497
3.80079;-2.34805
3.80473;-2.35112
3.80868;-2.3542
3.81262;-2.35728
3.81656;-2.36035
3.8205;-2.36343
3.82444;-2.36651
3.82838;-2.36958
3.83232;-2.37266
3.83627;-2.37573
3.84021;-2.37881
3.84415;-2.38189
3.84809;-2.38496
3.85203;-2.38804
3.85597;-2.39112
3.85992;-2.39419
3.86386;-2.39727
3.8678;-2.40035
3.87174;-2.40342
3.87568;-2.4065
3.87962;-2.40957
3.88356;-2.41265
3.88751;-2.41573
3.89145;-2.4188
3.89539;-2.42188
3.89933;-2.42496
3.90327;-2.42803
3.90721;-2.43111
3.91116;-2.43418
3.9151;-2.43726
3.91904;-2.44034
3.92298;-2.44341
3.92692;-2.44649
3.93086;-2.44957
3.9348;-2.45264
3.93875;-2.45572
3.94269;-2.4588
3.94663;-2.46187
3.95057;-2.46495
3.95451;-2.46802
3.95845;-2.4711
3.9624;-2.47418
3.96634;-2.47725
3.97028;-2.48033
3.97422;-2.48341
3.97816;-2.48648
3.9821;-2.48956
3.98604;-2.49263
3.98999;-2.49571
3.99393;-2.49879
3.99787;-2.50186
4.00181;-2.50494
4.00575;-2.50802
4.00969;-2.51109
4.01364;-2.51417
4.01758;-2.51725
4.02152;-2.52032
4.02546;-2.5234
4.0294;-2.52647
4.03334;-2.52955
4.03729;-2.53263
4.04123;-2.5357
4.04517;-2.53878
4.04911;-2.54186
4.05305;-2.54493
4.05699;-2.54801
4.06093;-2.55108
4.06488;-2.55416
4.06882;-2.55724
4.07276;-2.56031
4.0767;-2.56339
4.08064;-2.56647
4.08458;-2.56954
4.08853;-2.57262
4.09247;-2.5757
4.09641;-2.57877
4.10035;-2.58185
4.10429;-2.58492
4.10823;-2.588
4.11217;-2.59108
4.11612;-2.59415
4.12006;-2.59723
4.124;-2.60031
4.12794;-2.60338
4.13188;-2.60646
4.13582;-2.60953
4.13977;-2.61261
4.14371;-2.61569
4.14765;-2.61876
4.15159;-2.62184
4.15553;-2.62492
4.15947;-2.62799
4.16341;-2.63107
4.16736;-2.63415
4.1713;-2.63722
4.17524;-2.6403
4.17918;-2.64337
4.18312;-2.64645
4.18706;-2.64953
4.19101;-2.6526
4.19495;-2.65568
4.19889;-2.65876
4.20283;-2.66183
4.20677;-2.66491
4.21071;-2.66798
4.21465;-2.67106
4.2186;-2.67414
4.22254;-2.67721
4.22648;-2.68029
4.23042;-2.68337
4.23436;-2.68644
4.2383;-2.68952
4.24225;-2.6926
4.24619;-2.69567
4.25013;-2.69875
4.25407;-2.70182
4.25801;-2.7049
4.26195;-2.70798
4.26589;-2.71105
4.26984;-2.71413
4.27378;-2.71721
4.27772;-2.72028
4.28166;-2.72336
4.2856;-2.72643
4.28954;-2.72951
4.29349;-2.73259
4.29743;-2.73566
4.30137;-2.73874
4.30531;-2.74182
4.30925;-2.74489
4.31319;-2.74797
4.31713;-2.75104
4.32108;-2.75412
4.32502;-2.7572
4.32896;-2.76027
4.3329;-2.76335
4.33684;-2.76643
4.34078;-2.7695
4.34473;-2.77258
4.34867;-2.77566
4.35261;-2.77873
4.35655;-2.78181
4.36049;-2.78488
4.36443;-2.78796
4.36837;-2.79104
4.37232;-2.79411
4.37626;-2.79719
4.3802;-2.80027
4.38414;-2.80334
4.38808;-2.80642
4.39202;-2.80949
4.39597;-2.81257
4.39991;-2.81565
4.40385;-2.81872
4.40779;-2.8218
4.41173;-2.82488
4.41567;-2.82795
4.41961;-2.83103
4.42356;-2.83411
4.4275;-2.83718
4.43144;-2.84026
4.43538;-2.84333
4.43932;-2.84641
4.44326;-2.84949
4.44721;-2.85256
4.45115;-2.85564
4.45509;-2.85872
4.45903;-2.86179
4.46297;-2.86487
4.46691;-2.86794
4.47085;-2.87102
4.4748;-2.8741
4.47874;-2.87717
4.48268;-2.88025
4.48662;-2.88333
4.49056;-2.8864
4.4945;-2.88948
4.49845;-2.89256
4.50239;-2.89563
4.50633;-2.89871
4.51027;-2.90178
4.51421;-2.90486
4.51815;-2.90794
4.52209;-2.91101
4.52604;-2.91409
4.52998;-2.91717
4.53392;-2.92024
4.53786;-2.92332
4.5418;-2.92639
4.54574;-2.92947
4.54969;-2.93255
4.55363;-2.93562
4.55757;-2.9387
4.56151;-2.94178
4.56545;-2.94485
4.56939;-2.94793
4.57333;-2.95101
4.57728;-2.95408
4.58122;-2.95716
4.58516;-2.96023
4.5891;-2.96331
4.59304;-2.96639
4.59698;-2.96946
4.60092;-2.97254
4.60487;-2.97562
4.60881;-2.97869
4.61275;-2.98177
4.61669;-2.98484
4.62063;-2.98792
4.62457;-2.991
4.62852;-2.99407
4.63246;-2.99715
4.6364;-3.00023
4.64034;-3.0033
4.64428;-3.00638
4.64822;-3.00946
4.65216;-3.01253
4.65611;-3.01561
4.66005;-3.01868
4.66399;-3.02176
4.66793;-3.02484
4.67187;-3.02791
4.67581;-3.03099
4.67976;-3.03407
4.6837;-3.03714
4.68764;-3.04022
4.69158;-3.04329
4.69552;-3.04637
4.69946;-3.04945
4.7034;-3.05252
4.70735;-3.0556
4.71129;-3.05868
4.71523;-3.06175
4.71917;-3.06483
4.72311;-3.06791
4.72705;-3.07098
4.731;-3.07406
4.73494;-3.07713
4.73888;-3.08021
4.74282;-3.08329
4.74676;-3.08636
4.7507;-3.08944
4.75464;-3.09252
4.75859;-3.09559
4.76253;-3.09867
4.76647;-3.10174
4.77041;-3.10482
4.77435;-3.1079
4.77829;-3.11097
4.78224;-3.11405
4.78618;-3.11713
4.79012;-3.1202
4.79406;-3.12328
4.798;-3.12636
4.80194;-3.12943
4.80588;-3.13251
4.80983;-3.13558
4.81377;-3.13866
4.81771;-3.14174
4.82165;-3.14481
4.82559;-3.14789
4.82953;-3.15097
4.83348;-3.15404
4.83742;-3.15712
4.84136;-3.16019
4.8453;-3.16327
4.84924;-3.16635
4.85318;-3.16942
4.85712;-3.1725
4.86107;-3.17558
4.86501;-3.17865
4.86895;-3.18173
4.87289;-3.18481
4.87683;-3.18788
4.88077;-3.19096
4.88472;-3.19403
4.88866;-3.19711
4.8926;-3.20019
4.89654;-3.20326
4.90048;-3.20634
4.90442;-3.20942
4.90836;-3.21249
4.91231;-3.21557
4.91625;-3.21864
4.92019;-3.22172
4.92413;-3.2248
4.92807;-3.22787
4.93201;-3.23095
4.93596;-3.23403
4.9399;-3.2371
4.94384;-3.24018
4.94778;-3.24326
4.95172;-3.24633
4.95566;-3.24941
4.9596;-3.25248
4.96355;-3.25556
4.96749;-3.25864
4.97143;-3.26171
4.97537;-3.26479
4.97931;-3.26787
4.98325;-3.27094
4.9872;-3.27402
4.99114;-3.27709
4.99508;-3.28017
4.99902;-3.28325
5.00296;-3.28632
5.0069;-3.2894
5.01084;-3.29248
5.01479;-3.29555
5.01873;-3.29863
5.02267;-3.30171
5.02661;-3.30478
5.03055;-3.30786
5.03449;-3.31093
5.03844;-3.31401
5.04238;-3.31709
5.04632;-3.32016
5.05026;-3.32324
5.0542;-3.32632
5.05814;-3.32939
5.06208;-3.33247
5.06603;-3.33554
5.06997;-3.33862
5.07391;-3.3417
5.07785;-3.34477
5.08179;-3.34785
5.08573;-3.35093
5.08968;-3.354
5.09362;-3.35708
5.09756;-3.36016
5.1015;-3.36323
5.10544;-3.36631
5.10938;-3.36938
5.11332;-3.37246
5.11727;-3.37554
5.12121;-3.37861
5.12515;-3.38169
5.12909;-3.38477
5.13303;-3.38784
5.13697;-3.39092
5.14092;-3.39399
5.14486;-3.39707
5.1488;-3.40015
5.15274;-3.40322
5.15668;-3.4063
5.16062;-3.40938
5.16456;-3.41245
5.16851;-3.41553
5.17245;-3.41861
5.17639;-3.42168
5.18033;-3.42476
5.18427;-3.42783
5.18821;-3.43091
5.19216;-3.43399
5.1961;-3.43706
5.20004;-3.44014
5.20398;-3.44322
5.20792;-3.44629
5.21186;-3.44937
5.2158;-3.45244
5.21975;-3.45552
5.22369;-3.4586
5.22763;-3.46167
5.23157;-3.46475
5.23551;-3.46783
5.23945;-3.4709
5.2434;-3.47398
5.24734;-3.47706
5.25128;-3.48013
5.25522;-3.48321
5.25916;-3.48628
5.2631;-3.48936
5.26704;-3.49244
5.27099;-3.49551
5.27493;-3.49859
5.27887;-3.50167
5.28281;-3.50474
5.28675;-3.50782
5.29069;-3.51089
5.29464;-3.51397
5.29858;-3.51705
5.30252;-3.52012
5.30646;-3.5232
5.3104;-3.52628
5.31434;-3.52935
5.31828;-3.53243
5.32223;-3.53551
5.32617;-3.53858
5.33011;-3.54166
5.33405;-3.54473
5.33799;-3.54781
5.34193;-3.55089
5.34588;-3.55396
5.34982;-3.55704
5.35376;-3.56012
5.3577;-3.56319
5.36164;-3.56627
5.36558;-3.56934
5.36952;-3.57242
5.37347;-3.5755
5.37741;-3.57857
5.38135;-3.58165
5.38529;-3.58473
5.38923;-3.5878
5.39317;-3.59088
5.39712;-3.59396
5.40106;-3.59703
5.405;-3.60011
5.40894;-3.60318
5.41288;-3.60626
5.41682;-3.60934
5.42076;-3.61241
5.42471;-3.61549
5.42865;-3.61857
5.43259;-3.62164
5.43653;-3.62472
5.44047;-3.62779
5.44441;-3.63087
5.44836;-3.63395
5.4523;-3.63702
5.45624;-3.6401
5.46018;-3.64318
5.46412;-3.64625
5.46806;-3.64933
5.472;-3.65241
5.47595;-3.65548
5.47989;-3.65856
5.48383;-3.66163
5.48777;-3.66471
5.49171;-3.66779
5.49565;-3.67086
5.4996;-3.67394
5.50354;-3.67702
5.50748;-3.68009
5.51142;-3.68317
5.51536;-3.68624
5.5193;-3.68932
5.52324;-3.6924
5.52719;-3.69547
5.53113;-3.69855
5.53507;-3.70163
5.53901;-3.7047
5.54295;-3.70778
5.54689;-3.71086
5.55084;-3.71393
5.55478;-3.71701
5.55872;-3.72008
5.56266;-3.72316
5.5666;-3.72624
5.57054;-3.72931
5.57448;-3.73239
5.57843;-3.73547
5.58237;-3.73854
5.58631;-3.74162
5.59025;-3.74469
5.59419;-3.74777
5.59813;-3.75085
5.60208;-3.75392
5.60602;-3.757
5.60996;-3.76008
5.6139;-3.76315
5.61784;-3.76623
5.62178;-3.76931
5.62572;-3.77238
5.62967;-3.77546
5.63361;-3.77853
5.63755;-3.78161
5.64149;-3.78469
5.64346;-3.78622
5.64545;-3.78774
5.64745;-3.78924
5.64946;-3.79072
5.65149;-3.79218
5.65354;-3.79362
5.6556;-3.79503
5.65767;-3.79643
5.65976;-3.7978
5.66186;-3.79916
5.66397;-3.80049
5.6661;-3.8018
5.66824;-3.8031
5.67039;-3.80436
5.67256;-3.80561
5.67474;-3.80684
5.67693;-3.80804
5.67913;-3.80923
5.68134;-3.81039
5.68357;-3.81152
5.68804;-3.81376
5.69252;-3.81599
5.69699;-3.81822
5.70147;-3.82045
5.70594;-3.82269
5.71042;-3.82492
5.71489;-3.82715
5.71936;-3.82938
5.72384;-3.83161
5.72831;-3.83385
5.73279;-3.83608
5.73726;-3.83831
5.74173;-3.84054
5.74621;-3.84277
5.75068;-3.84501
5.75516;-3.84724
5.75963;-3.84947
5.76411;-3.8517
5.76858;-3.85393
5.77305;-3.85617
5.77529;-3.85728
5.77754;-3.85838
5.7798;-3.85945
5.78207;-3.86049
5.78435;-3.86152
5.78664;-3.86252
5.78894;-3.8635
5.79124;-3.86446
5.79356;-3.86539
5.79589;-3.8663
5.79823;-3.86719
5.80057;-3.86805
5.80293;-3.86889
5.80529;-3.86971
5.80766;-3.8705
5.81004;-3.87127
5.81243;-3.87202
5.81482;-3.87274
5.81722;-3.87344
5.81963;-3.87411
5.82446;-3.87541
5.82927;-3.87675
5.83407;-3.87815
5.83886;-3.87959
5.84363;-3.88108
5.84839;-3.88262
5.85313;-3.88421
5.85785;-3.88584
5.86256;-3.88752
5.86726;-3.88925
5.87193;-3.89102
5.87659;-3.89284
5.88122;-3.89471
5.88584;-3.89662
5.89044;-3.89858
5.89502;-3.90059
5.89958;-3.90264
5.90412;-3.90473
5.90864;-3.90688
5.91313;-3.90906
5.91537;-3.91018
5.91762;-3.91127
5.91988;-3.91234
5.92215;-3.91339
5.92443;-3.91442
5.92672;-3.91542
5.92902;-3.9164
5.93133;-3.91736
5.93364;-3.91829
5.93597;-3.9192
5.93831;-3.92009
5.94066;-3.92095
5.94301;-3.92179
5.94537;-3.92261
5.94774;-3.9234
5.95012;-3.92417
5.95251;-3.92491
5.9549;-3.92563
5.9573;-3.92633
5.95971;-3.92701
5.96454;-3.9283
5.96935;-3.92965
5.97415;-3.93105
5.97894;-3.93249
5.98371;-3.93398
5.98847;-3.93552
5.99321;-3.9371
5.99794;-3.93874
6.00264;-3.94042
6.00734;-3.94214
6.01201;-3.94392
6.01667;-3.94574
6.02131;-3.9476
6.02592;-3.94952
6.03052;-3.95148
6.0351;-3.95348
6.03966;-3.95553
6.0442;-3.95763
6.04872;-3.95977
6.05322;-3.96196
6.05545;-3.96308
6.0577;-3.96417
6.05996;-3.96524
6.06223;-3.96629
6.06451;-3.96731
6.0668;-3.96832
6.0691;-3.9693
6.07141;-3.97025
6.07373;-3.97119
6.07605;-3.9721
6.07839;-3.97298
6.08074;-3.97385
6.08309;-3.97469
6.08545;-3.9755
6.08782;-3.9763
6.0902;-3.97707
6.09259;-3.97781
6.09498;-3.97853
6.09738;-3.97923
6.09979;-3.9799
6.10462;-3.9812
6.10943;-3.98255
6.11423;-3.98394
6.11902;-3.98539
6.12379;-3.98688
6.12855;-3.98841
6.13329;-3.99
6.13802;-3.99163
6.14273;-3.99331
6.14742;-3.99504
6.15209;-3.99681
6.15675;-3.99863
6.16139;-4.0005
6.16601;-4.00242
6.1706;-4.00437
6.17518;-4.00638
6.17974;-4.00843
6.18428;-4.01053
6.1888;-4.01267
6.1933;-4.01486
6.19553;-4.01597
6.19778;-4.01707
6.20004;-4.01814
6.20231;-4.01919
6.20459;-4.02021
6.20688;-4.02121
6.20918;-4.02219
6.21149;-4.02315
6.21381;-4.02408
6.21613;-4.02499
6.21847;-4.02588
6.22082;-4.02674
6.22317;-4.02759
6.22553;-4.0284
6.22791;-4.02919
6.23028;-4.02996
6.23267;-4.03071
6.23506;-4.03143
6.23746;-4.03213
6.23987;-4.0328
6.2447;-4.0341
6.24951;-4.03545
6.25431;-4.03684
6.2591;-4.03828
6.26387;-4.03977
6.26863;-4.04131
6.27337;-4.0429
6.2781;-4.04453
6.28281;-4.04621
6.2875;-4.04794
6.29217;-4.04971
6.29683;-4.05153
6.30147;-4.0534
6.30609;-4.05531
6.31069;-4.05727
6.31527;-4.05928
6.31983;-4.06133
6.32436;-4.06343
6.32888;-4.06557
6.33338;-4.06776
6.33561;-4.06887
6.33786;-4.06997
6.34012;-4.07104
6.34239;-4.07208
6.34467;-4.07311
6.34696;-4.07411
6.34926;-4.07509
6.35157;-4.07605
6.35389;-4.07698
6.35622;-4.07789
6.35855;-4.07878
6.3609;-4.07964
6.36325;-4.08048
6.36562;-4.0813
6.36799;-4.08209
6.37037;-4.08286
6.37275;-4.08361
6.37514;-4.08433
6.37754;-4.08503
6.37995;-4.0857
6.38478;-4.087
6.3896;-4.08835
6.3944;-4.08974
6.39918;-4.09118
6.40396;-4.09267
6.40871;-4.09421
6.41345;-4.0958
6.41818;-4.09743
6.42289;-4.09911
6.42758;-4.10084
6.43225;-4.10261
6.43691;-4.10443
6.44155;-4.1063
6.44617;-4.10821
6.45077;-4.11017
6.45535;-4.11218
6.45991;-4.11423
6.46445;-4.11633
6.46896;-4.11847
6.47346;-4.12066
6.4757;-4.12177
6.47794;-4.12286
6.4802;-4.12394
6.48247;-4.12498
6.48475;-4.12601
6.48704;-4.12701
6.48934;-4.12799
6.49165;-4.12895
6.49397;-4.12988
6.4963;-4.13079
6.49863;-4.13168
6.50098;-4.13254
6.50333;-4.13338
6.5057;-4.1342
6.50807;-4.13499
6.51045;-4.13576
6.51283;-4.13651
6.51523;-4.13723
6.51763;-4.13793
6.52003;-4.1386
6.52486;-4.1399
6.52968;-4.14124
6.53448;-4.14264
6.53926;-4.14408
6.54404;-4.14557
6.54879;-4.14711
6.55354;-4.1487
6.55826;-4.15033
6.56297;-4.15201
6.56766;-4.15374
6.57234;-4.15551
6.57699;-4.15733
6.58163;-4.1592
6.58625;-4.16111
6.59085;-4.16307
6.59543;-4.16508
6.59999;-4.16713
6.60453;-4.16923
6.60904;-4.17137
6.61354;-4.17355
6.61578;-4.17467
6.61803;-4.17576
6.62028;-4.17684
6.62255;-4.17788
6.62483;-4.17891
6.62712;-4.17991
6.62942;-4.18089
6.63173;-4.18185
6.63405;-4.18278
6.63638;-4.18369
6.63872;-4.18458
6.64106;-4.18544
6.64342;-4.18628
6.64578;-4.1871
6.64815;-4.18789
6.65053;-4.18866
6.65291;-4.18941
6.65531;-4.19013
6.65771;-4.19082
6.66012;-4.1915
6.66494;-4.1928
6.66976;-4.19414
6.67456;-4.19554
6.67935;-4.19698
6.68412;-4.19847
6.68888;-4.20001
6.69362;-4.2016
6.69834;-4.20323
6.70305;-4.20491
6.70774;-4.20664
6.71242;-4.20841
6.71707;-4.21023
6.72171;-4.2121
6.72633;-4.21401
6.73093;-4.21597
6.73551;-4.21798
6.74007;-4.22003
6.74461;-4.22213
6.74913;-4.22427
6.75362;-4.22645
6.75586;-4.22757
6.75811;-4.22866
6.76037;-4.22973
6.76263;-4.23078
6.76491;-4.23181
6.7672;-4.23281
6.7695;-4.23379
6.77181;-4.23475
6.77413;-4.23568
6.77646;-4.23659
6.7788;-4.23748
6.78114;-4.23834
6.7835;-4.23918
6.78586;-4.24
6.78823;-4.24079
6.79061;-4.24156
6.793;-4.24231
6.79539;-4.24303
6.79779;-4.24372
6.8002;-4.2444
6.80502;-4.2457
6.80984;-4.24704
6.81464;-4.24844
6.81943;-4.24988
6.8242;-4.25137
6.82896;-4.25291
6.8337;-4.2545
6.83842;-4.25613
6.84313;-4.25781
6.84782;-4.25954
6.8525;-4.26131
6.85716;-4.26313
6.86179;-4.265
6.86641;-4.26691
6.87101;-4.26887
6.87559;-4.27088
6.88015;-4.27293
6.88469;-4.27502
6.88921;-4.27717
6.8937;-4.27935
6.89594;-4.28047
6.89819;-4.28156
6.90045;-4.28263
6.90272;-4.28368
6.905;-4.28471
6.90729;-4.28571
6.90959;-4.28669
6.91189;-4.28765
6.91421;-4.28858
6.91654;-4.28949
6.91888;-4.29038
6.92122;-4.29124
6.92358;-4.29208
6.92594;-4.2929
6.92831;-4.29369
6.93069;-4.29446
6.93308;-4.29521
6.93547;-4.29593
6.93787;-4.29662
6.94028;-4.2973
6.94511;-4.2986
6.94995;-4.29981
6.95482;-4.30095
6.95971;-4.302
6.96461;-4.30296
6.96953;-4.30385
6.97447;-4.30465
6.97942;-4.30536
6.98438;-4.306
6.98934;-4.30654
6.99432;-4.30701
6.99931;-4.30739
7.0043;-4.30768
7.00929;-4.30789
7.01429;-4.30802
7.01929;-4.30806
7.02429;-4.30801
7.02928;-4.30788
7.03428;-4.30766
7.03927;-4.30736
7.04425;-4.30698
7.04923;-4.30653
7.0542;-4.30601
7.05917;-4.30543
7.06413;-4.30478
7.06907;-4.30406
7.07401;-4.30328
7.07894;-4.30243
7.08385;-4.30152
7.08876;-4.30054
7.09365;-4.2995
7.09852;-4.29839
7.10338;-4.29721
7.10822;-4.29597
7.11305;-4.29467
7.11786;-4.2933
7.12265;-4.29187
7.12742;-4.29037
7.13217;-4.28881
7.1369;-4.28719
7.1416;-4.28551
7.14629;-4.28376
7.15096;-4.28197
7.1556;-4.28011
7.16022;-4.27821
7.16482;-4.27624
7.16939;-4.27422
7.17394;-4.27215
7.17846;-4.27002
7.18296;-4.26784
7.18744;-4.2656
7.19188;-4.26332
7.1963;-4.26097
7.20069;-4.25858
7.20505;-4.25613
7.20938;-4.25363
7.21368;-4.25108
7.21795;-4.24848
7.22218;-4.24583
7.22639;-4.24313
7.23056;-4.24037
7.23476;-4.23766
7.23899;-4.23499
7.24324;-4.23237
7.24752;-4.22978
7.25183;-4.22724
7.25616;-4.22474
7.26051;-4.22229
7.26489;-4.21988
7.2693;-4.21751
7.27373;-4.21519
7.27818;-4.21291
7.28265;-4.21067
7.28714;-4.20848
7.29166;-4.20634
7.2962;-4.20424
7.30076;-4.20219
7.30534;-4.20018
7.30993;-4.19822
7.31455;-4.1963
7.31919;-4.19443
7.32385;-4.19261
7.32852;-4.19083
7.33321;-4.1891
7.33792;-4.18742
7.34264;-4.18579
7.34738;-4.1842
7.35214;-4.18266
7.35691;-4.18116
7.3617;-4.17972
7.3665;-4.17832
7.37131;-4.17697
7.37614;-4.17567
7.38098;-4.17442
7.38583;-4.17322
7.3907;-4.17206
7.39557;-4.17095
7.40046;-4.16989
7.40536;-4.16889
7.41026;-4.16793
7.41518;-4.16701
7.42009;-4.16606
7.42499;-4.16507
7.42988;-4.16405
7.43476;-4.16298
7.43964;-4.16187
7.44451;-4.16072
7.44936;-4.15953
7.45421;-4.15831
7.45905;-4.15705
7.46387;-4.15574
7.46869;-4.1544
7.4735;-4.15302
7.47829;-4.1516
7.48307;-4.15014
7.48784;-4.14865
7.4926;-4.14711
7.49735;-4.14554
7.50208;-4.14393
7.5068;-4.14228
7.51151;-4.14059
7.51623;-4.13895
7.52097;-4.13736
7.52573;-4.13582
7.5305;-4.13432
7.53528;-4.13287
7.54008;-4.13147
7.54489;-4.13012
7.54972;-4.12881
7.55456;-4.12755
7.55941;-4.12635
7.56427;-4.12519
7.56915;-4.12408
7.57403;-4.12301
7.57893;-4.122
7.58384;-4.12104
7.58875;-4.12012
7.59367;-4.11925
7.59861;-4.11844
7.60355;-4.11767
7.6085;-4.11695
7.61345;-4.11628
7.61841;-4.11566
7.62338;-4.1151
7.62835;-4.11458
7.63333;-4.11411
7.63831;-4.11369
7.6433;-4.11332
7.64829;-4.113
7.65328;-4.11273
7.65827;-4.11251
7.66327;-4.11233
7.66827;-4.11221
7.67327;-4.11214
7.67827;-4.11212
7.68327;-4.11215
7.68827;-4.11223
7.69326;-4.11236
7.69826;-4.11254
7.70325;-4.11277
7.70825;-4.11305
7.71323;-4.11338
7.71822;-4.11376
7.7232;-4.11419
7.72818;-4.11467
7.73315;-4.11519
7.73811;-4.11577
7.74307;-4.1164
7.74803;-4.11708
7.75297;-4.11781
7.75791;-4.11858
7.76284;-4.11941
7.76777;-4.12028
7.77268;-4.12121
7.77758;-4.12218
7.78248;-4.1232
7.78736;-4.12427
7.79223;-4.12539
7.7971;-4.12656
7.80195;-4.12778
7.80678;-4.12904
7.81161;-4.13036
7.81642;-4.13172
7.82121;-4.13313
7.826;-4.13459
7.83076;-4.13609
7.83552;-4.13765
7.84025;-4.13925
7.84497;-4.14089
7.84968;-4.14259
7.85436;-4.14433
7.85903;-4.14612
7.86368;-4.14796
7.86831;-4.14984
7.87293;-4.15177
7.87752;-4.15374
7.88209;-4.15576
7.88665;-4.15783
7.89118;-4.15994
7.89569;-4.16209
7.90018;-4.16429
7.90471;-4.16639
7.90929;-4.16839
7.91392;-4.17029
7.91858;-4.17209
7.92329;-4.17378
7.92802;-4.17537
7.9328;-4.17685
7.9376;-4.17823
7.94244;-4.1795
7.9473;-4.18066
7.95218;-4.18171
7.95709;-4.18266
7.96202;-4.1835
7.96697;-4.18422
7.97193;-4.18484
7.9769;-4.18535
7.98188;-4.18575
7.98687;-4.18604
7.99187;-4.18622
7.99686;-4.18628
8.00186;-4.1864
8.00686;-4.18657
8.01186;-4.18679
8.01685;-4.18705
8.02184;-4.18737
8.02682;-4.18774
8.03181;-4.18816
8.03678;-4.18862
8.04176;-4.18914
8.04672;-4.1897
8.05169;-4.19032
8.05664;-4.19099
8.06159;-4.1917
8.06653;-4.19247
8.07146;-4.19328
8.07639;-4.19414
8.0813;-4.19505
8.08621;-4.19602
8.09111;-4.19703
8.09599;-4.19809
8.10087;-4.19919
8.10573;-4.20035
8.11058;-4.20156
8.11542;-4.20281
8.12025;-4.20411
8.12506;-4.20546
8.12986;-4.20686
8.13465;-4.20831
8.13942;-4.2098
8.14418;-4.21134
8.14892;-4.21293
8.15364;-4.21457
8.15835;-4.21625
8.16304;-4.21798
8.16771;-4.21976
8.17237;-4.22159
8.177;-4.22346
8.18162;-4.22537
8.18622;-4.22734
8.1908;-4.22935
8.19536;-4.2314
8.19989;-4.2335
8.20441;-4.23565
8.2089;-4.23784
8.21338;-4.24007
8.21783;-4.24235
8.22225;-4.24468
8.22666;-4.24704
8.23103;-4.24946
8.23539;-4.25191
8.23972;-4.25441
8.24403;-4.25695
8.2483;-4.25954
8.25256;-4.26217
8.25678;-4.26484
8.26098;-4.26755
8.26516;-4.27031
8.2693;-4.2731
8.27342;-4.27594
8.2775;-4.27882
8.28156;-4.28174
8.28559;-4.2847
8.28959;-4.2877
8.29356;-4.29074
8.2975;-4.29382
8.30141;-4.29693
8.30529;-4.30009
8.30913;-4.30329
8.31294;-4.30652
8.31672;-4.30979
8.32047;-4.3131
8.32418;-4.31645
8.32787;-4.31983
8.33151;-4.32326
8.33512;-4.32671
8.3387;-4.33021
8.34224;-4.33373
8.34575;-4.3373
8.34922;-4.3409
8.35265;-4.34453
8.35605;-4.3482
8.35941;-4.3519
8.36274;-4.35563
8.36602;-4.3594
8.36927;-4.3632
8.37248;-4.36703
8.37566;-4.3709
8.37879;-4.37479
8.38188;-4.37872
8.38494;-4.38268
8.38795;-4.38667
8.39093;-4.39069
8.39386;-4.39473
8.39676;-4.39881
8.39961;-4.40292
8.40242;-4.40705
8.40519;-4.41121
8.40792;-4.4154
8.41061;-4.41962
8.41325;-4.42386
8.41585;-4.42813
8.41841;-4.43242
8.42093;-4.43675
8.4234;-4.44109
8.42583;-4.44546
8.42821;-4.44985
8.43055;-4.45427
8.43285;-4.45871
8.4351;-4.46318
8.43731;-4.46766
8.43947;-4.47217
8.44159;-4.4767
8.44366;-4.48125
8.44569;-4.48582
8.44767;-4.49041
8.4496;-4.49502
8.45149;-4.49965
8.45333;-4.5043
8.45513;-4.50897
8.45688;-4.51365
8.45858;-4.51835
8.46024;-4.52307
8.46184;-4.5278
8.4634;-4.53255
8.46492;-4.53732
8.46638;-4.5421
8.4678;-4.54689
8.46916;-4.5517
8.47048;-4.55652
8.47176;-4.56136
8.47298;-4.56621
8.47416;-4.57107
8.47528;-4.57594
8.47636;-4.58082
8.47739;-4.58571
8.47837;-4.59061
8.4793;-4.59553
8.48018;-4.60045
8.48101;-4.60538
8.4818;-4.61031
8.4827;-4.61523
8.48373;-4.62012
8.48488;-4.62498
8.48615;-4.62982
8.48755;-4.63462
8.48906;-4.63938
8.49069;-4.64411
8.49244;-4.64879
8.4943;-4.65342
8.49628;-4.65801
8.49837;-4.66255
8.50058;-4.66704
8.5029;-4.67146
8.50533;-4.67583
8.50786;-4.68014
8.51051;-4.68438
8.51326;-4.68855
8.51611;-4.69266
8.51906;-4.69669
8.52212;-4.70065
8.52513;-4.70464
8.52811;-4.70865
8.53104;-4.7127
8.53393;-4.71678
8.53679;-4.72088
8.5396;-4.72502
8.54237;-4.72918
8.5451;-4.73337
8.54779;-4.73759
8.55043;-4.74183
8.55303;-4.7461
8.55559;-4.75039
8.55811;-4.75471
8.56058;-4.75906
8.56301;-4.76343
8.56539;-4.76782
8.56773;-4.77224
8.57003;-4.77668
8.57228;-4.78115
8.57449;-4.78563
8.57665;-4.79014
8.57877;-4.79467
8.58084;-4.79922
8.58287;-4.80379
8.58485;-4.80838
8.58678;-4.81299
8.58867;-4.81762
8.59051;-4.82227
8.59231;-4.82693
8.59406;-4.83162
8.59576;-4.83632
8.59741;-4.84104
8.59902;-4.84577
8.60058;-4.85052
8.60209;-4.85529
8.60356;-4.86007
8.60497;-4.86486
8.60634;-4.86967
8.60766;-4.87449
8.60894;-4.87933
8.61009;-4.88419
8.61111;-4.88908
8.61202;-4.894
8.6128;-4.89893
8.61346;-4.90389
8.614;-4.90885
8.61441;-4.91384
8.61469;-4.91883
8.61486;-4.92382
8.61489;-4.92882
8.6148;-4.93382
8.61459;-4.93881
8.61425;-4.9438
8.61379;-4.94877
8.6132;-4.95374
8.61249;-4.95868
8.61166;-4.96361
8.6107;-4.96851
8.60962;-4.9734
8.60842;-4.97825
8.60734;-4.98313
8.60638;-4.98803
8.60555;-4.99296
8.60484;-4.99791
8.60425;-5.00287
8.60379;-5.00785
8.60345;-5.01283
8.60324;-5.01783
8.60315;-5.02282
8.60318;-5.02782
8.60334;-5.03282
8.60363;-5.03781
8.60404;-5.04279
8.60458;-5.04776
8.60524;-5.05271
8.60602;-5.05765
8.60692;-5.06256
8.60795;-5.06745
8.6091;-5.07232
8.61037;-5.07715
8.61152;-5.08201
8.61255;-5.0869
8.61346;-5.09182
8.61424;-5.09675
8.6149;-5.10171
8.61544;-5.10668
8.61585;-5.11166
8.61613;-5.11665
8.61629;-5.12164
8.61633;-5.12664
8.61624;-5.13164
8.61603;-5.13663
8.61569;-5.14162
8.61523;-5.1466
8.61464;-5.15156
8.61393;-5.15651
8.6131;-5.16143
8.61214;-5.16634
8.61106;-5.17122
8.60986;-5.17607
8.60861;-5.18091
8.60731;-5.18574
8.60596;-5.19056
8.60457;-5.19536
8.60313;-5.20014
8.60164;-5.20492
8.6001;-5.20967
8.59851;-5.21441
8.59688;-5.21914
8.5952;-5.22385
8.59347;-5.22854
8.5917;-5.23322
8.58988;-5.23787
8.58801;-5.24251
8.5861;-5.24713
8.58414;-5.25173
8.58213;-5.25631
8.58008;-5.26087
8.57799;-5.26541
8.57585;-5.26992
8.57382;-5.27449
8.57191;-5.27911
8.57011;-5.28377
8.56843;-5.28848
8.56687;-5.29323
8.56543;-5.29801
8.5641;-5.30283
8.5629;-5.30768
8.56182;-5.31256
8.56087;-5.31747
8.56003;-5.3224
8.55932;-5.32734
8.55873;-5.33231
8.55827;-5.33728
8.55793;-5.34227
8.55772;-5.34726
8.55763;-5.35226
8.55767;-5.35726
8.55783;-5.36225
8.55811;-5.36724
8.55827;-5.37224
8.55831;-5.37724
8.55822;-5.38223
8.55801;-5.38723
8.55767;-5.39221
8.55721;-5.39719
8.55662;-5.40215
8.55591;-5.4071
8.55508;-5.41203
8.55412;-5.41693
8.55304;-5.42181
8.55184;-5.42666
8.55052;-5.43148
8.54907;-5.43627
8.54751;-5.44102
8.54583;-5.44572
8.54404;-5.45039
8.54212;-5.45501
8.5401;-5.45957
8.53796;-5.46409
8.53577;-5.46859
8.53354;-5.47306
8.53126;-5.47751
8.52894;-5.48194
8.52658;-5.48635
8.52417;-5.49073
8.52171;-5.49508
8.51922;-5.49942
8.51668;-5.50372
8.5141;-5.508
8.51147;-5.51226
8.50881;-5.51649
8.5061;-5.52069
8.50335;-5.52486
8.50055;-5.52901
8.49772;-5.53313
8.49484;-5.53722
8.49193;-5.54128
8.48897;-5.54531
8.48598;-5.54931
8.48308;-5.55339
8.48029;-5.55753
8.4776;-5.56175
8.47502;-5.56603
8.47255;-5.57037
8.47018;-5.57477
8.46793;-5.57923
8.46579;-5.58375
8.46376;-5.58832
8.46185;-5.59294
8.46005;-5.5976
8.45837;-5.60231
8.45681;-5.60705
8.45537;-5.61184
8.45405;-5.61666
8.45285;-5.62151
8.45177;-5.62639
8.45081;-5.6313
8.44998;-5.63622
8.44926;-5.64117
8.44847;-5.64611
8.4476;-5.65103
8.44664;-5.65594
8.44561;-5.66083
8.44449;-5.6657
8.44329;-5.67055
8.44201;-5.67539
8.44066;-5.6802
8.43922;-5.68499
8.43771;-5.68975
8.43611;-5.69449
8.43444;-5.6992
8.43269;-5.70388
8.43087;-5.70854
8.42896;-5.71316
8.42699;-5.71775
8.42493;-5.72231
8.4228;-5.72683
8.4206;-5.73132
8.41832;-5.73577
8.41601;-5.74021
8.41368;-5.74463
8.41132;-5.74903
8.40893;-5.75342
8.40651;-5.7578
8.40406;-5.76216
8.40158;-5.7665
8.39908;-5.77083
8.39655;-5.77514
8.39399;-5.77944
8.39141;-5.78372
8.38879;-5.78798
8.38615;-5.79223
8.38348;-5.79646
8.38079;-5.80067
8.37807;-5.80486
8.37532;-5.80904
8.37255;-5.8132
8.36974;-5.81734
8.36692;-5.82147
8.36407;-5.82558
8.36122;-5.82968
8.35835;-5.83378
8.35547;-5.83786
8.35257;-5.84194
8.34966;-5.846
8.34674;-5.85006
8.3438;-5.85411
8.34085;-5.85814
8.33789;-5.86217
8.33491;-5.86619
8.33192;-5.87019
8.32891;-5.87419
8.3259;-5.87818
8.32286;-5.88215
8.31982;-5.88612
8.31676;-5.89008
8.31369;-5.89402
8.31061;-5.89796
8.30751;-5.90188
8.30441;-5.9058
8.30129;-5.90971
8.29817;-5.91362
8.29504;-5.91752
8.2919;-5.92141
8.28876;-5.9253
8.2856;-5.92918
8.28244;-5.93305
8.27927;-5.93691
8.27609;-5.94077
8.2729;-5.94462
8.2697;-5.94847
8.2665;-5.95231
8.26329;-5.95614
8.26007;-5.95997
8.25684;-5.96378
8.2536;-5.96759
8.25036;-5.9714
8.2471;-5.9752
8.24384;-5.97899
8.24055;-5.98274
8.23721;-5.98647
8.23384;-5.99016
8.23043;-5.99382
8.22698;-5.99744
8.2235;-6.00103
8.21998;-6.00458
8.21643;-6.0081
8.21284;-6.01158
8.20922;-6.01503
8.20556;-6.01844
8.20187;-6.02181
8.19815;-6.02514
8.19439;-6.02844
8.1906;-6.0317
8.18678;-6.03493
8.18293;-6.03811
8.17904;-6.04126
8.17512;-6.04436
8.17117;-6.04743
8.16723;-6.05051
8.16331;-6.0536
8.15939;-6.05671
8.15548;-6.05983
8.15158;-6.06296
8.1477;-6.06611
8.14382;-6.06927
8.13996;-6.07244
8.1361;-6.07562
8.13226;-6.07882
8.12843;-6.08203
8.1246;-6.08526
8.12079;-6.08849
8.11699;-6.09174
8.1132;-6.095
8.10942;-6.09828
8.10565;-6.10156
8.1019;-6.10486
8.09815;-6.10817
8.09442;-6.1115
8.09069;-6.11483
8.08697;-6.11817
8.08325;-6.12151
8.07954;-6.12486
8.07583;-6.12822
8.07213;-6.13158
8.06844;-6.13495
8.06475;-6.13832
8.06106;-6.1417
8.05739;-6.14509
8.05372;-6.14849
8.05005;-6.15189
8.04639;-6.15529
8.04274;-6.15871
8.03909;-6.16213
8.03545;-6.16555
8.03181;-6.16898
8.02818;-6.17242
8.02456;-6.17587
8.02094;-6.17932
8.01732;-6.18277
8.01371;-6.18623
8.0101;-6.18968
8.00649;-6.19315
8.00289;-6.19661
7.99929;-6.20008
7.99569;-6.20355
7.99209;-6.20703
7.9885;-6.2105
7.98491;-6.21398
7.98132;-6.21746
7.97773;-6.22095
7.97415;-6.22444
7.97057;-6.22793
7.967;-6.23142
7.96342;-6.23492
7.95985;-6.23842
7.95628;-6.24192
7.95272;-6.24543
7.94916;-6.24894
7.94559;-6.25245
7.94203;-6.25596
7.93847;-6.25946
7.93491;-6.26297
7.93135;-6.26648
7.92778;-6.26999
7.92422;-6.2735
7.92066;-6.27701
7.9171;-6.28052
7.91354;-6.28403
7.90998;-6.28754
7.90642;-6.29105
7.90286;-6.29456
7.8993;-6.29807
7.89574;-6.30158
7.89218;-6.30509
7.88861;-6.3086
7.88505;-6.31211
7.88149;-6.31562
7.87793;-6.31913
7.87437;-6.32264
7.8708;-6.32614
7.86723;-6.32964
7.86365;-6.33313
7.86006;-6.33662
7.85648;-6.3401
7.85289;-6.34358
7.84929;-6.34705
7.84569;-6.35052
7.84208;-6.35398
7.83847;-6.35744
7.83486;-6.36089
7.83124;-6.36434
7.82761;-6.36779
7.82398;-6.37123
7.82035;-6.37466
7.81671;-6.37809
7.81307;-6.38152
7.80942;-6.38494
7.80577;-6.38835
7.80211;-6.39176
7.79845;-6.39517
7.79478;-6.39856
7.79111;-6.40196
7.78743;-6.40534
7.78374;-6.40872
7.78005;-6.41209
7.77635;-6.41546
7.77265;-6.41882
7.76894;-6.42217
7.76523;-6.42552
7.76151;-6.42886
7.75779;-6.4322
7.75406;-6.43553
7.75032;-6.43885
7.74658;-6.44217
7.74283;-6.44548
7.73908;-6.44878
7.73532;-6.45208
7.73156;-6.45537
7.72779;-6.45866
7.72402;-6.46195
7.72025;-6.46523
7.71648;-6.46851
7.71271;-6.47179
7.70893;-6.47507
7.70515;-6.47834
7.70137;-6.48162
7.69759;-6.48489
7.6938;-6.48815
7.69001;-6.49142
7.68622;-6.49468
7.68243;-6.49794
7.67864;-6.50119
7.67484;-6.50445
7.67104;-6.5077
7.66724;-6.51095
7.66344;-6.5142
7.65964;-6.51744
7.65583;-6.52068
7.65202;-6.52392
7.6482;-6.52715
7.64438;-6.53038
7.64056;-6.5336
7.63673;-6.53681
7.63289;-6.54002
7.62905;-6.54322
7.62521;-6.54642
7.62136;-6.54961
7.61751;-6.5528
7.61365;-6.55598
7.60979;-6.55916
7.60592;-6.56233
7.60205;-6.56549
7.59818;-6.56865
7.5943;-6.57181
7.59041;-6.57495
7.58653;-6.5781
7.58263;-6.58123
7.57874;-6.58437
7.57481;-6.58746
7.57085;-6.59051
7.56686;-6.59352
7.56284;-6.5965
7.55879;-6.59943
7.55471;-6.60232
7.5506;-6.60517
7.54647;-6.60798
7.54231;-6.61075
7.53812;-6.61348
7.5339;-6.61616
7.52965;-6.61881
7.52538;-6.62141
7.52109;-6.62396
7.51676;-6.62648
7.51242;-6.62895
7.50805;-6.63137
7.50365;-6.63376
7.49923;-6.6361
7.49479;-6.63839
7.49035;-6.64069
7.48591;-6.643
7.48148;-6.64531
7.47705;-6.64762
7.47262;-6.64994
7.46819;-6.65227
7.46377;-6.6546
7.45935;-6.65693
7.45493;-6.65927
7.45051;-6.66161
7.4461;-6.66396
7.44169;-6.66632
7.43728;-6.66868
7.43287;-6.67104
7.42847;-6.67341
7.42407;-6.67579
7.41967;-6.67817
7.41528;-6.68055
7.41089;-6.68294
7.4065;-6.68533
7.40211;-6.68773
7.39772;-6.69013
7.39334;-6.69254
7.38896;-6.69495
7.38458;-6.69736
7.3802;-6.69978
7.37583;-6.7022
7.37145;-6.70462
7.36708;-6.70705
7.36271;-6.70948
7.35835;-6.71192
7.35398;-6.71436
7.34962;-6.7168
7.34526;-6.71924
7.3409;-6.72169
7.33654;-6.72415
7.33219;-6.72661
7.32784;-6.72907
7.32349;-6.73153
7.31914;-6.734
7.3148;-6.73648
7.31046;-6.73897
7.30613;-6.74147
7.30181;-6.74398
7.29749;-6.7465
7.29317;-6.74903
7.28887;-6.75157
7.28456;-6.75411
7.28027;-6.75667
7.27598;-6.75924
7.2717;-6.76182
7.26742;-6.76441
7.26315;-6.76701
7.25888;-6.76962
7.25462;-6.77224
7.25037;-6.77487
7.24613;-6.77751
7.24189;-6.78016
7.23765;-6.78282
7.23342;-6.78549
7.2292;-6.78816
7.22497;-6.79083
7.22074;-6.7935
7.21652;-6.79618
7.2123;-6.79885
7.20807;-6.80153
7.20385;-6.80421
7.19963;-6.80689
7.19541;-6.80957
7.19119;-6.81226
7.18697;-6.81494
7.18276;-6.81763
7.17854;-6.82032
7.17433;-6.82301
7.17011;-6.8257
7.1659;-6.82839
7.16169;-6.83108
7.15748;-6.83378
7.15326;-6.83648
7.14906;-6.83917
7.14484;-6.84187
7.14063;-6.84456
7.13641;-6.84725
7.1322;-6.84993
7.12798;-6.85262
7.12376;-6.85529
7.11953;-6.85797
7.11531;-6.86064
7.11108;-6.86331
7.10685;-6.86598
7.10262;-6.86864
7.09838;-6.8713
7.09415;-6.87396
7.08991;-6.87661
7.08567;-6.87926
7.08143;-6.88191
7.07718;-6.88455
7.07294;-6.88719
7.06869;-6.88983
7.06444;-6.89247
7.06019;-6.8951
7.05594;-6.89773
7.05169;-6.90036
7.04743;-6.90299
7.04318;-6.90562
7.03892;-6.90824
7.03467;-6.91086
7.03041;-6.91349
7.02615;-6.9161
7.02189;-6.91872
7.01763;-6.92134
7.01337;-6.92395
7.0091;-6.92656
7.00484;-6.92917
7.00057;-6.93178
6.99631;-6.93439
6.99204;-6.937
6.98777;-6.9396
6.9835;-6.9422
6.97923;-6.9448
6.97496;-6.9474
6.97069;-6.95
6.96642;-6.9526
6.96214;-6.9552
6.95787;-6.9578
6.9536;-6.96039
6.94933;-6.96299
6.94505;-6.96559
6.94078;-6.96818
6.93651;-6.97078
6.93223;-6.97337
6.92796;-6.97596
6.92368;-6.97856
6.91941;-6.98115
6.91513;-6.98374
6.91085;-6.98633
6.90658;-6.98892
6.9023;-6.99151
6.89802;-6.9941
6.89374;-6.99669
6.88947;-6.99928
6.88519;-7.00187
6.88091;-7.00445
6.87663;-7.00704
6.87235;-7.00962
6.86807;-7.0122
6.86378;-7.01478
6.8595;-7.01737
6.85522;-7.01995
6.85094;-7.02253
6.84665;-7.0251
6.84237;-7.02768
6.83808;-7.03026
6.8338;-7.03283
6.82951;-7.03541
6.82523;-7.03798
6.82094;-7.04056
6.81665;-7.04313
6.81236;-7.0457
6.80808;-7.04827
6.80379;-7.05085
6.7995;-7.05342
6.79522;-7.056
6.79094;-7.05858
6.78665;-7.06116
6.78237;-7.06374
6.77809;-7.06633
6.77381;-7.06891
6.76954;-7.0715
6.76526;-7.07409
6.76098;-7.07668
6.75671;-7.07928
6.75243;-7.08187
6.74816;-7.08447
6.74389;-7.08706
6.73962;-7.08966
6.73535;-7.09226
6.73108;-7.09487
6.72681;-7.09747
6.72254;-7.10008
6.71827;-7.10268
6.714;-7.10528
6.70973;-7.10789
6.70546;-7.11049
6.70119;-7.11308
6.69692;-7.11568
6.69265;-7.11828
6.68837;-7.12087
6.68409;-7.12346
6.67982;-7.12605
6.67554;-7.12864
6.67126;-7.13123
6.66699;-7.13382
6.6627;-7.1364
6.65842;-7.13899
6.65414;-7.14157
6.64986;-7.14415
6.64558;-7.14673
6.64129;-7.14931
6.63701;-7.15188
6.63272;-7.15446
6.62844;-7.15703
6.62415;-7.15961
6.61987;-7.16219
6.61558;-7.16476
6.6113;-7.16734
6.60701;-7.16992
6.60273;-7.1725
6.59844;-7.17507
6.59416;-7.17765
6.58987;-7.18023
6.58559;-7.18281
6.5813;-7.18538
6.57702;-7.18796
6.57274;-7.19054
6.56845;-7.19312
6.56417;-7.1957
6.55989;-7.19828
6.5556;-7.20086
6.55132;-7.20344
6.54701;-7.20597
6.54268;-7.20846
6.53832;-7.21091
6.53394;-7.21332
6.52953;-7.21568
6.5251;-7.218
6.52065;-7.22027
6.51617;-7.2225
6.51167;-7.22468
6.50715;-7.22682
6.50261;-7.22892
6.49805;-7.23096
6.49347;-7.23297
6.48887;-7.23492
6.48425;-7.23683
6.47961;-7.2387
6.47495;-7.24051
6.47028;-7.24228
6.46558;-7.24401
6.46089;-7.24574
6.45621;-7.24749
6.45153;-7.24924
6.44685;-7.251
6.44217;-7.25278
6.4375;-7.25456
6.43284;-7.25636
6.42817;-7.25816
6.42351;-7.25997
6.41886;-7.2618
6.41421;-7.26363
6.40956;-7.26548
6.40492;-7.26733
6.40028;-7.2692
6.39564;-7.27107
6.39101;-7.27295
6.38638;-7.27485
6.38176;-7.27675
6.37714;-7.27867
6.37253;-7.28059
6.36791;-7.28252
6.36331;-7.28446
6.3587;-7.28641
6.3541;-7.28837
6.3495;-7.29033
6.34491;-7.2923
6.34031;-7.29428
6.33573;-7.29627
6.33114;-7.29826
6.32656;-7.30027
6.32198;-7.30228
6.31741;-7.3043
6.31284;-7.30633
6.30827;-7.30836
6.30371;-7.3104
6.29915;-7.31246
6.29459;-7.31451
6.29004;-7.31658
6.28549;-7.31866
6.28094;-7.32074
6.2764;-7.32283
6.27186;-7.32493
6.26733;-7.32703
6.2628;-7.32915
6.25827;-7.33127
6.25375;-7.3334
6.24922;-7.33553
6.24471;-7.33768
6.24019;-7.33983
6.23569;-7.34199
6.23118;-7.34416
6.22668;-7.34633
6.22218;-7.34852
6.21768;-7.35071
6.21319;-7.3529
6.20871;-7.35511
6.20422;-7.35732
6.19974;-7.35954
6.19527;-7.36177
6.1908;-7.36401
6.18633;-7.36625
6.18187;-7.36851
6.17741;-7.37077
6.17295;-7.37304
6.16851;-7.37533
6.16406;-7.37762
6.15962;-7.37992
6.15519;-7.38223
6.15076;-7.38456
6.14634;-7.38689
6.14192;-7.38923
6.13751;-7.39158
6.1331;-7.39394
6.1287;-7.39631
6.1243;-7.39869
6.11991;-7.40108
6.11552;-7.40348
6.11114;-7.40589
6.10676;-7.40831
6.10239;-7.41073
6.09803;-7.41317
6.09366;-7.41561
6.0893;-7.41806
6.08494;-7.42051
6.08058;-7.42296
6.07623;-7.42541
6.07188;-7.42787
6.06752;-7.43033
6.06317;-7.4328
6.05883;-7.43527
6.05448;-7.43774
6.05014;-7.44022
6.0458;-7.4427
6.04146;-7.44518
6.03712;-7.44767
6.03278;-7.45016
6.02845;-7.45266
6.02412;-7.45516
6.01979;-7.45766
6.01546;-7.46016
6.01114;-7.46267
6.00682;-7.46518
6.00249;-7.4677
5.99817;-7.47021
5.99385;-7.47272
5.98953;-7.47524
5.98521;-7.47776
5.98089;-7.48027
5.97657;-7.48279
5.97225;-7.48532
5.96794;-7.48784
5.96362;-7.49036
5.9593;-7.49289
5.95499;-7.49541
5.95068;-7.49794
5.94636;-7.50047
5.94205;-7.503
5.93774;-7.50553
5.93343;-7.50807
5.92912;-7.5106
5.92481;-7.51314
5.9205;-7.51567
5.91619;-7.51821
5.91188;-7.52074
5.90757;-7.52328
5.90326;-7.52581
5.89895;-7.52835
5.89464;-7.53088
5.89033;-7.53342
5.88602;-7.53595
5.88171;-7.53848
5.8774;-7.54102
5.87309;-7.54355
5.86878;-7.54608
5.86446;-7.54862
5.86015;-7.55115
5.85584;-7.55368
5.85153;-7.55621
5.84722;-7.55875
5.84291;-7.56128
5.8386;-7.56381
5.83428;-7.56634
5.82997;-7.56887
5.82566;-7.57139
5.82134;-7.57392
5.81703;-7.57645
5.81271;-7.57897
5.80839;-7.58149
5.80407;-7.58401
5.79975;-7.58653
5.79543;-7.58905
5.79111;-7.59156
5.78679;-7.59408
5.78247;-7.59659
5.77815;-7.5991
5.77382;-7.60162
5.7695;-7.60412
5.76517;-7.60663
5.76085;-7.60914
5.75652;-7.61164
5.75219;-7.61415
5.74786;-7.61665
5.74354;-7.61916
5.73922;-7.62168
5.7349;-7.62419
5.73058;-7.62671
5.72626;-7.62924
5.72195;-7.63176
5.71763;-7.63429
5.71332;-7.63682
5.70901;-7.63936
5.7047;-7.6419
5.7004;-7.64444
5.69609;-7.64698
5.69179;-7.64953
5.68749;-7.65208
5.6832;-7.65464
5.6789;-7.6572
5.6746;-7.65976
5.67031;-7.66232
5.66602;-7.66489
5.66173;-7.66746
5.65744;-7.67003
5.65316;-7.6726
5.64887;-7.67518
5.64459;-7.67776
5.6403;-7.68034
5.63602;-7.68292
5.63174;-7.6855
5.62746;-7.68809
5.62318;-7.69067
5.61891;-7.69326
5.61463;-7.69586
5.61036;-7.69845
5.60608;-7.70105
5.60181;-7.70364
5.59754;-7.70624
5.59327;-7.70885
5.589;-7.71145
5.58473;-7.71405
5.58047;-7.71666
5.5762;-7.71927
5.57193;-7.72186
5.56765;-7.72446
5.56337;-7.72705
5.55909;-7.72963
5.55481;-7.73221
5.55052;-7.73478
5.54623;-7.73735
5.54194;-7.73991
5.53765;-7.74247
5.53335;-7.74503
5.52905;-7.74758
5.52474;-7.75012
5.52043;-7.75266
5.51612;-7.75519
5.51181;-7.75772
5.50749;-7.76025
5.50318;-7.76276
5.49885;-7.76528
5.49453;-7.76779
5.4902;-7.77028
5.48586;-7.77277
5.48151;-7.77524
5.47715;-7.77769
5.47279;-7.78013
5.46842;-7.78256
5.46404;-7.78497
5.45965;-7.78737
5.45526;-7.78976
5.45086;-7.79213
5.44645;-7.79449
5.44204;-7.79684
5.43761;-7.79917
5.43318;-7.80149
5.42874;-7.80379
5.4243;-7.80608
5.41985;-7.80836
5.41539;-7.81062
5.41092;-7.81287
5.40645;-7.81511
5.40196;-7.8173
5.39744;-7.81944
5.3929;-7.82154
5.38834;-7.82359
5.38376;-7.8256
5.37917;-7.82756
5.37455;-7.82948
5.36991;-7.83135
5.36526;-7.83317
5.36058;-7.83495
5.35589;-7.83668
5.35118;-7.83836
5.34646;-7.84
5.34172;-7.84159
5.33696;-7.84313
5.33219;-7.84462
5.32741;-7.84607
5.3226;-7.84746
5.31779;-7.84881
5.31296;-7.85011
5.30814;-7.85143
5.30332;-7.85275
5.2985;-7.85408
5.29368;-7.85542
5.28886;-7.85676
5.28405;-7.85812
5.27924;-7.85949
5.27444;-7.86087
5.26963;-7.86226
5.26483;-7.86365
5.26003;-7.86506
5.25524;-7.86647
5.25044;-7.8679
5.24566;-7.86933
5.24087;-7.87078
5.23608;-7.87223
5.2313;-7.87369
5.22652;-7.87516
5.22175;-7.87665
5.21698;-7.87814
5.21219;-7.87958
5.20739;-7.88098
5.20257;-7.88232
5.19775;-7.88362
5.19291;-7.88487
5.18805;-7.88608
5.18319;-7.88723
5.17831;-7.88833
5.17343;-7.88939
5.16853;-7.8904
5.16362;-7.89135
5.1587;-7.89226
5.15378;-7.89312
5.14885;-7.89393
5.1439;-7.89469
5.13896;-7.89541
5.134;-7.89607
5.12904;-7.89668
5.12407;-7.89724
5.1191;-7.89776
5.11413;-7.89829
5.10916;-7.89884
5.10419;-7.89942
5.09922;-7.90001
5.09426;-7.90062
5.0893;-7.90125
5.08434;-7.90191
5.07939;-7.90258
5.07444;-7.90327
5.06949;-7.90398
5.06454;-7.90471
5.0596;-7.90547
5.05466;-7.90624
5.04972;-7.90703
5.04479;-7.90784
5.03986;-7.90867
5.03493;-7.90952
5.03001;-7.91039
5.02509;-7.91128
5.02017;-7.91219
5.01526;-7.91311
5.01034;-7.91404
5.00543;-7.91498
5.00052;-7.91593
4.99562;-7.91689
4.99071;-7.91786
4.98581;-7.91884
4.98091;-7.91983
4.97601;-7.92083
4.97111;-7.92184
4.96622;-7.92286
4.96133;-7.92389
4.95644;-7.92493
4.95155;-7.92598
4.94666;-7.92704
4.94178;-7.92811
4.93689;-7.92919
4.93201;-7.93028
4.92714;-7.93138
4.92226;-7.93249
4.91739;-7.93361
4.91252;-7.93474
4.90765;-7.93587
4.90278;-7.93701
4.89791;-7.93816
4.89305;-7.93931
4.88819;-7.94048
4.88333;-7.94165
4.87847;-7.94283
4.87361;-7.94402
4.86875;-7.94521
4.8639;-7.94642
4.85905;-7.94763
4.8542;-7.94885
4.84935;-7.95007
4.84451;-7.9513
4.83967;-7.95255
4.83482;-7.95379
4.82998;-7.95505
4.82515;-7.95632
4.82031;-7.95758
4.81547;-7.95883
4.81063;-7.96009
4.80579;-7.96134
4.80095;-7.96258
4.7961;-7.96383
4.79126;-7.96507
4.78641;-7.9663
4.78157;-7.96754
4.77672;-7.96877
4.77187;-7.96999
4.76703;-7.97121
4.76218;-7.97243
4.75733;-7.97365
4.75248;-7.97486
4.74762;-7.97607
4.74277;-7.97727
4.73792;-7.97847
4.73306;-7.97967
4.72821;-7.98086
4.72335;-7.98205
4.71849;-7.98323
4.71363;-7.98439
4.70877;-7.98555
4.7039;-7.98671
4.69903;-7.98785
4.69416;-7.98899
4.68929;-7.99011
4.68442;-7.99123
4.67954;-7.99234
4.67467;-7.99344
4.66979;-7.99453
4.66491;-7.99562
4.66002;-7.9967
4.65514;-7.99776
4.65025;-7.99882
4.64536;-7.99987
4.64047;-8.00092
4.63558;-8.00195
4.63069;-8.00298
4.62579;-8.00399
4.62089;-8.005
4.616;-8.006
4.6111;-8.007
4.60619;-8.00798
4.60129;-8.00896
4.59638;-8.00992
4.59148;-8.01088
4.58657;-8.01184
4.58166;-8.01278
4.57675;-8.01371
4.57183;-8.01464
4.56692;-8.01556
4.562;-8.01647
4.55708;-8.01737
4.55216;-8.01827
4.54724;-8.01915
4.54232;-8.02003
4.5374;-8.0209
4.53247;-8.02176
4.52755;-8.02261
4.52262;-8.02346
4.51769;-8.0243
4.51276;-8.02513
4.50783;-8.02596
4.50289;-8.02677
4.49796;-8.02758
4.49303;-8.02838
4.48809;-8.02918
4.48315;-8.02997
4.47821;-8.03075
4.47327;-8.03152
4.46833;-8.03229
4.46339;-8.03304
4.45845;-8.0338
4.4535;-8.03454
4.44856;-8.03528
4.44361;-8.03601
4.43866;-8.03673
4.43371;-8.03744
4.42876;-8.03815
4.42381;-8.03885
4.41886;-8.03954
4.41391;-8.04023
4.40896;-8.04091
4.404;-8.04159
4.39905;-8.04226
4.39409;-8.04292
4.38913;-8.04358
4.38418;-8.04423
4.37922;-8.04487
4.37426;-8.04551
4.3693;-8.04614
4.36434;-8.04676
4.35938;-8.04738
4.35441;-8.04799
4.34945;-8.0486
4.34449;-8.04919
4.33952;-8.04979
4.33456;-8.05037
4.32959;-8.05096
4.32463;-8.05155
4.31966;-8.05215
4.3147;-8.05275
4.30973;-8.05335
4.30477;-8.05396
4.29981;-8.05457
4.29485;-8.05518
4.28989;-8.0558
4.28492;-8.05642
4.27996;-8.05705
4.275;-8.05768
4.27004;-8.05831
4.26508;-8.05895
4.26012;-8.05959
4.25517;-8.06023
4.25021;-8.06087
4.24525;-8.06153
4.24029;-8.06218
4.23534;-8.06284
4.23038;-8.0635
4.22542;-8.06416
4.22047;-8.06482
4.21551;-8.06548
4.21056;-8.06614
4.2056;-8.0668
4.20064;-8.06747
4.19569;-8.06814
4.19073;-8.0688
4.18578;-8.06947
4.18082;-8.07014
4.17587;-8.07081
4.17091;-8.07148
4.16596;-8.07215
4.161;-8.07283
4.15605;-8.0735
4.1511;-8.07417
4.14614;-8.07485
4.14119;-8.07553
4.13623;-8.0762
4.13128;-8.07688
4.12632;-8.07755
4.12137;-8.07821
4.11641;-8.07888
4.11146;-8.07954
4.1065;-8.08019
4.10154;-8.08085
4.09658;-8.0815
4.09163;-8.08214
4.08667;-8.08279
4.08171;-8.08342
4.07675;-8.08406
4.07179;-8.08469
4.06683;-8.08532
4.06187;-8.08595
4.05691;-8.08657
4.05195;-8.08719
4.04698;-8.0878
4.04202;-8.08841
4.03706;-8.08902
4.03209;-8.08962
4.02713;-8.09022
4.02217;-8.09082
4.0172;-8.09141
4.01224;-8.09199
4.00727;-8.09258
4.0023;-8.09315
3.99734;-8.09373
3.99237;-8.0943
3.9874;-8.09486
3.98243;-8.09542
3.97746;-8.09598
3.97249;-8.09653
3.96752;-8.09708
3.96255;-8.09763
3.95758;-8.09817
3.95261;-8.0987
3.94764;-8.09923
3.94267;-8.09976
3.9377;-8.10028
3.93272;-8.1008
3.92775;-8.10132
3.92278;-8.10183
3.9178;-8.10233
3.91283;-8.10284
3.90785;-8.10333
3.90288;-8.10383
3.8979;-8.10432
3.89292;-8.1048
3.88795;-8.10528
3.88297;-8.10576
3.87799;-8.10623
3.87301;-8.1067
3.86803;-8.10716
3.86306;-8.10762
3.85808;-8.10808
3.8531;-8.10853
3.84812;-8.10897
3.84314;-8.10942
3.83816;-8.10985
3.83318;-8.11029
3.8282;-8.11074
3.82322;-8.11118
3.81823;-8.11163
3.81326;-8.11208
3.80828;-8.11253
3.8033;-8.11299
3.79832;-8.11344
3.79334;-8.1139
3.78836;-8.11436
3.78338;-8.11483
3.7784;-8.11529
3.77343;-8.11576
3.76845;-8.11623
3.76347;-8.11671
3.75849;-8.11718
3.75352;-8.11766
3.74854;-8.11814
3.74356;-8.11862
3.73859;-8.11911
3.73361;-8.1196
3.72863;-8.12009
3.72366;-8.12058
3.71868;-8.12108
3.71371;-8.12158
3.70873;-8.12209
3.70376;-8.1226
3.69879;-8.12311
3.69381;-8.12362
3.68884;-8.12414
3.68387;-8.12466
3.67889;-8.12519
3.67392;-8.12572
3.66895;-8.12625
3.66398;-8.12679
3.65901;-8.12732
3.65404;-8.12786
3.64907;-8.12841
3.6441;-8.12896
3.63913;-8.12951
3.63415;-8.13001
3.62918;-8.13047
3.62419;-8.13087
3.6192;-8.13122
3.61421;-8.13152
3.60922;-8.13178
3.60423;-8.13198
3.59923;-8.13213
3.59423;-8.13223
3.58923;-8.13229
3.58423;-8.13229
3.57923;-8.13224
3.57423;-8.13215
3.56923;-8.132
3.56424;-8.1318
3.55925;-8.13156
3.55425;-8.13126
3.54927;-8.13091
3.54428;-8.13051
3.5393;-8.13007
3.53432;-8.12963
3.52934;-8.12922
3.52436;-8.12881
3.51937;-8.12842
3.51439;-8.12805
3.5094;-8.12769
3.50441;-8.12734
3.49942;-8.12701
3.49443;-8.12669
3.48944;-8.12639
3.48445;-8.1261
3.47946;-8.12582
3.47446;-8.12556
3.46947;-8.12531
3.46448;-8.12508
3.45948;-8.12486
3.45448;-8.12466
3.44949;-8.12447
3.44449;-8.1243
3.43949;-8.12414
3.4345;-8.12399
3.4295;-8.12385
3.4245;-8.12372
3.4195;-8.12361
3.4145;-8.12351
3.4095;-8.12342
3.4045;-8.12334
3.3995;-8.12327
3.3945;-8.12322
3.3895;-8.12318
3.3845;-8.12314
3.3795;-8.12313
3.3745;-8.12312
3.3695;-8.12312
3.3645;-8.12314
3.3595;-8.12317
3.3545;-8.1232
3.3495;-8.12325
3.3445;-8.12332
3.33951;-8.12339
3.33451;-8.12348
3.32951;-8.12359
3.32451;-8.12372
3.31951;-8.12386
3.31451;-8.12402
3.30952;-8.1242
3.30452;-8.12439
3.29953;-8.12461
3.29453;-8.12483
3.28954;-8.12508
3.28454;-8.12534
3.27955;-8.12562
3.27456;-8.12592
3.26957;-8.12623
3.26458;-8.12656
3.25959;-8.12691
3.25461;-8.12728
3.24962;-8.12766
3.24464;-8.12806
3.23965;-8.12847
3.23467;-8.1289
3.22969;-8.12934
3.22471;-8.12979
3.21973;-8.13025
3.21476;-8.13072
3.20978;-8.1312
3.2048;-8.1317
3.19983;-8.1322
3.19486;-8.13272
3.18988;-8.13325
3.18491;-8.13379
3.17994;-8.13434
3.17498;-8.1349
3.17001;-8.13547
3.16504;-8.13605
3.16008;-8.13665
3.15512;-8.13725
3.15015;-8.13787
3.14519;-8.1385
3.14023;-8.13914
3.13528;-8.13979
3.13032;-8.14046
3.12537;-8.14114
3.12042;-8.14184
3.11547;-8.14255
3.11052;-8.14328
3.10558;-8.14402
3.10063;-8.14477
3.09569;-8.14554
3.09076;-8.14633
3.08582;-8.14713
3.08089;-8.14794
3.07595;-8.14877
3.07103;-8.14961
3.0661;-8.15046
3.06118;-8.15133
3.05626;-8.15222
3.05134;-8.15312
3.04642;-8.15403
3.04151;-8.15496
3.0366;-8.1559
3.03169;-8.15683
3.02678;-8.15778
3.02187;-8.15872
3.01696;-8.15968
3.01205;-8.16063
3.00714;-8.1616
3.00224;-8.16256
2.99733;-8.16354
2.99243;-8.16451
2.98753;-8.16549
2.98262;-8.16648
2.97772;-8.16747
2.97282;-8.16847
2.96792;-8.16947
2.96303;-8.17047
2.95813;-8.17148
2.95323;-8.17249
2.94834;-8.17351
2.94344;-8.17453
2.93855;-8.17555
2.93365;-8.17657
2.92876;-8.17758
2.92386;-8.1786
2.91896;-8.17961
2.91407;-8.18062
2.90917;-8.18163
2.90427;-8.18264
2.89938;-8.18365
2.89448;-8.18466
2.88958;-8.18567
2.88469;-8.18668
2.87979;-8.18768
2.87489;-8.18869
2.86999;-8.18969
2.86509;-8.19069
2.86019;-8.1917
2.8553;-8.1927
2.8504;-8.1937
2.8455;-8.1947
2.8406;-8.19569
2.8357;-8.19668
2.83079;-8.19766
2.82589;-8.19864
2.82098;-8.19961
2.81608;-8.20057
2.81117;-8.20153
2.80626;-8.20248
2.80135;-8.20343
2.79644;-8.20437
2.79153;-8.20531
2.78662;-8.20624
2.7817;-8.20716
2.77679;-8.20808
2.77187;-8.20899
2.76696;-8.2099
2.76204;-8.2108
2.75712;-8.2117
2.7522;-8.21259
2.74728;-8.21347
2.74236;-8.21435
2.73743;-8.21522
2.73251;-8.21608
2.72758;-8.21694
2.72265;-8.21779
2.71773;-8.21864
2.7128;-8.21948
2.70787;-8.22031
2.70294;-8.22113
2.698;-8.22195
2.69307;-8.22277
2.68814;-8.22357
2.6832;-8.22438
2.67826;-8.22517
2.67333;-8.22596
2.66839;-8.22674
2.66345;-8.22751
2.65851;-8.22828
2.65357;-8.22904
2.64862;-8.2298
2.64368;-8.23055
2.63874;-8.23129
2.63379;-8.23203
2.62884;-8.23276
2.6239;-8.23349
2.61895;-8.2342
2.614;-8.23492
2.60905;-8.23562
2.6041;-8.23632
2.59915;-8.23702
2.5942;-8.23771
2.58924;-8.23839
2.58429;-8.23907
2.57933;-8.23973
2.57438;-8.2404
2.56942;-8.24106
2.56446;-8.24171
2.5595;-8.24235
2.55455;-8.24299
2.55207;-8.24331
2.54959;-8.24365
2.54712;-8.24402
2.54465;-8.24441
2.54218;-8.24482
2.53972;-8.24526
2.53727;-8.24573
2.53482;-8.24622
2.53237;-8.24673
2.52993;-8.24727
2.52749;-8.24783
2.52506;-8.24842
2.52264;-8.24903
2.52022;-8.24966
2.51781;-8.25032
2.51541;-8.25101
2.51301;-8.25171
2.51062;-8.25245
2.50823;-8.2532
2.50586;-8.25398
2.50349;-8.25478
2.50113;-8.25561
2.49878;-8.25646
2.49644;-8.25733
2.49411;-8.25823
2.49178;-8.25915
2.48947;-8.26009
2.48716;-8.26106
2.48487;-8.26205
2.48258;-8.26306
2.48031;-8.2641
2.47804;-8.26515
2.47579;-8.26623
2.47354;-8.26733
2.47131;-8.26846
2.46909;-8.26961
2.46688;-8.27078
2.46469;-8.27197
2.4625;-8.27318
2.46033;-8.27442
2.45601;-8.27693
2.45164;-8.27937
2.44723;-8.28172
2.44278;-8.284
2.43829;-8.28619
2.43376;-8.2883
2.42919;-8.29033
2.42458;-8.29228
2.41995;-8.29414
2.41527;-8.29592
2.41057;-8.29761
2.40584;-8.29922
2.40107;-8.30074
2.39629;-8.30217
2.39147;-8.30352
2.38663;-8.30478
2.38177;-8.30595
2.37689;-8.30703
2.37199;-8.30802
2.36708;-8.30892
2.36461;-8.30933
2.36215;-8.30976
2.35969;-8.31022
2.35724;-8.3107
2.35479;-8.31121
2.35235;-8.31174
2.34991;-8.31229
2.34748;-8.31287
2.34505;-8.31347
2.34263;-8.3141
2.34022;-8.31475
2.33781;-8.31543
2.33541;-8.31613
2.33302;-8.31685
2.33064;-8.3176
2.32826;-8.31837
2.32589;-8.31917
2.32353;-8.31999
2.32117;-8.32083
2.31883;-8.32169
2.31649;-8.32258
2.31416;-8.3235
2.31185;-8.32443
2.30954;-8.32539
2.30724;-8.32637
2.30495;-8.32738
2.30267;-8.32841
2.3004;-8.32946
2.29815;-8.33053
2.2959;-8.33163
2.29366;-8.33274
2.29144;-8.33388
2.28923;-8.33505
2.28703;-8.33623
2.28484;-8.33744
2.28266;-8.33867
2.2805;-8.33992
2.27834;-8.34119
2.2762;-8.34248
2.27408;-8.3438
2.27197;-8.34513
2.26987;-8.34649
2.26778;-8.34787
2.26571;-8.34927
2.26365;-8.35068
2.26161;-8.35212
2.25958;-8.35358
2.25756;-8.35506
2.25556;-8.35656
2.25358;-8.35808
2.25161;-8.35962
2.24966;-8.36118
2.24772;-8.36276
2.2458;-8.36436
2.24389;-8.36598
2.242;-8.36762
2.24013;-8.36927
2.23827;-8.37094
2.23643;-8.37264
2.23461;-8.37435
2.231;-8.37781
2.22735;-8.38123
2.22367;-8.38461
2.21996;-8.38796
2.21622;-8.39127
2.21244;-8.39454
2.20862;-8.39778
2.20478;-8.40097
2.2009;-8.40413
2.197;-8.40725
2.19306;-8.41033
2.18909;-8.41337
2.18509;-8.41637
2.18106;-8.41933
2.177;-8.42225
2.17292;-8.42513
2.1688;-8.42797
2.16466;-8.43077
2.16048;-8.43352
2.15629;-8.43624
2.15417;-8.43757
2.15207;-8.43893
2.14999;-8.44031
2.14792;-8.4417
2.14586;-8.44312
2.14381;-8.44456
2.14179;-8.44602
2.13977;-8.4475
2.13777;-8.449
2.13579;-8.45052
2.13382;-8.45206
2.13187;-8.45362
2.12993;-8.4552
2.12801;-8.4568
2.1261;-8.45842
2.12421;-8.46005
2.12234;-8.46171
2.12048;-8.46338
2.11864;-8.46508
2.11682;-8.46679
2.11501;-8.46851
2.11322;-8.47026
2.11145;-8.47203
2.1097;-8.47381
2.10797;-8.47561
2.10625;-8.47743
2.10455;-8.47926
2.10287;-8.48111
2.10121;-8.48298
2.09957;-8.48486
2.09794;-8.48676
2.09634;-8.48868
2.09475;-8.49061
2.09319;-8.49256
2.09164;-8.49452
2.09011;-8.4965
2.08861;-8.4985
2.08712;-8.50051
2.08565;-8.50253
2.08421;-8.50457
2.08135;-8.50868
2.07846;-8.51275
2.07553;-8.5168
2.07255;-8.52082
2.06954;-8.52481
2.06649;-8.52877
2.06339;-8.5327
2.06026;-8.53659
2.05709;-8.54046
2.05388;-8.54429
2.05063;-8.54809
2.04735;-8.55186
2.04402;-8.5556
2.04066;-8.5593
2.03727;-8.56297
2.03383;-8.5666
2.03036;-8.5702
2.02686;-8.57376
2.02331;-8.57729
2.01974;-8.58079
2.01793;-8.58252
2.01614;-8.58426
2.01437;-8.58603
2.01262;-8.58781
2.01089;-8.58961
2.00917;-8.59143
2.00747;-8.59326
2.00579;-8.59511
2.00413;-8.59698
2.00249;-8.59886
2.00086;-8.60076
1.99926;-8.60268
1.99767;-8.60461
1.99611;-8.60656
1.99456;-8.60852
1.99303;-8.6105
1.99153;-8.6125
1.99004;-8.61451
1.98857;-8.61653
1.98713;-8.61857
1.98427;-8.62268
1.98138;-8.62675
1.97845;-8.6308
1.97547;-8.63482
1.97246;-8.63881
1.96941;-8.64277
1.96631;-8.6467
1.96318;-8.65059
1.96001;-8.65446
1.9568;-8.65829
1.95355;-8.66209
1.95027;-8.66586
1.94694;-8.6696
1.94358;-8.6733
1.94019;-8.67697
1.93675;-8.6806
1.93328;-8.6842
1.92978;-8.68777
1.92623;-8.69129
1.92266;-8.69479
1.92085;-8.69652
1.91907;-8.69826
1.91729;-8.70003
1.91554;-8.70181
1.91381;-8.70361
1.91209;-8.70543
1.91039;-8.70726
1.90871;-8.70911
1.90705;-8.71098
1.90541;-8.71286
1.90378;-8.71477
1.90218;-8.71668
1.90059;-8.71861
1.89903;-8.72056
1.89748;-8.72253
1.89595;-8.72451
1.89445;-8.7265
1.89296;-8.72851
1.89149;-8.73053
1.89005;-8.73257
1.88719;-8.73668
1.8843;-8.74076
1.88137;-8.7448
1.87839;-8.74882
1.87538;-8.75281
1.87233;-8.75677
1.86923;-8.7607
1.8661;-8.76459
1.86293;-8.76846
1.85972;-8.77229
1.85647;-8.7761
1.85319;-8.77986
1.84986;-8.7836
1.8465;-8.7873
1.84311;-8.79097
1.83967;-8.7946
1.8362;-8.7982
1.8327;-8.80177
1.82915;-8.8053
1.82558;-8.80879
1.82377;-8.81052
1.82199;-8.81227
1.82021;-8.81403
1.81846;-8.81581
1.81673;-8.81761
1.81501;-8.81943
1.81331;-8.82126
1.81163;-8.82311
1.80997;-8.82498
1.80833;-8.82687
1.8067;-8.82877
1.8051;-8.83068
1.80351;-8.83262
1.80195;-8.83456
1.8004;-8.83653
1.79887;-8.83851
1.79737;-8.8405
1.79588;-8.84251
1.79441;-8.84453
1.79297;-8.84657
1.79154;-8.84863
1.79014;-8.85069
1.78875;-8.85278
1.78739;-8.85487
1.78604;-8.85698
1.78472;-8.8591
1.78342;-8.86124
1.78214;-8.86338
1.78089;-8.86554
1.77965;-8.86772
1.77844;-8.8699
1.77724;-8.8721
1.77607;-8.87431
1.77493;-8.87653
1.7738;-8.87876
1.7727;-8.881
1.77162;-8.88326
1.77056;-8.88552
1.76952;-8.8878
1.76851;-8.89008
1.76653;-8.89468
1.76451;-8.89925
1.76244;-8.9038
1.76032;-8.90833
1.75816;-8.91283
1.75595;-8.91732
1.7537;-8.92179
1.7514;-8.92623
1.74906;-8.93064
1.74668;-8.93504
1.74425;-8.93941
1.74178;-8.94376
1.73927;-8.94808
1.73671;-8.95237
1.73411;-8.95664
1.73146;-8.96089
1.72878;-8.9651
1.72605;-8.96929
1.72328;-8.97346
1.72047;-8.97759
1.71904;-8.97964
1.71764;-8.98171
1.71625;-8.98379
1.71489;-8.98589
1.71355;-8.988
1.71223;-8.99012
1.71093;-8.99225
1.70965;-8.9944
1.70839;-8.99656
1.70715;-8.99873
1.70594;-9.00092
1.70475;-9.00312
1.70358;-9.00533
1.70243;-9.00755
1.70131;-9.00978
1.7002;-9.01202
1.69912;-9.01428
1.69806;-9.01654
1.69703;-9.01882
1.69602;-9.0211
1.69404;-9.02569
1.69201;-9.03026
1.68994;-9.03481
1.68782;-9.03934
1.68566;-9.04385
1.68346;-9.04834
1.6812;-9.0528
1.67891;-9.05724
1.67657;-9.06166
1.67418;-9.06606
1.67176;-9.07043
1.66928;-9.07477
1.66677;-9.07909
1.66421;-9.08339
1.66161;-9.08766
1.65897;-9.0919
1.65628;-9.09612
1.65355;-9.10031
1.65079;-9.10447
1.64797;-9.10861
1.64655;-9.11066
1.64514;-9.11273
1.64376;-9.11481
1.64239;-9.11691
1.64105;-9.11901
1.63973;-9.12114
1.63843;-9.12327
1.63715;-9.12542
1.63589;-9.12758
1.63466;-9.12975
1.63344;-9.13194
1.63225;-9.13414
1.63108;-9.13634
1.62993;-9.13856
1.62881;-9.1408
1.62771;-9.14304
1.62662;-9.14529
1.62557;-9.14756
1.62453;-9.14983
1.62352;-9.15212
1.62154;-9.15671
1.61958;-9.16131
1.61764;-9.16592
1.61571;-9.17053
1.61381;-9.17516
1.61192;-9.17979
1.61006;-9.18443
1.60821;-9.18907
1.60638;-9.19372
1.60457;-9.19839
1.60278;-9.20305
1.60101;-9.20773
1.59926;-9.21241
1.59752;-9.2171
1.59581;-9.2218
1.59411;-9.2265
1.59244;-9.23121
1.59078;-9.23593
1.58914;-9.24065
1.58752;-9.24539
1.58593;-9.25012
1.58434;-9.25487
1.58278;-9.25962
1.58124;-9.26437
1.57971;-9.26913
1.5782;-9.2739
1.57671;-9.27867
1.57524;-9.28345
1.57379;-9.28823
1.57235;-9.29302
1.57094;-9.29782
1.56954;-9.30262
1.56816;-9.30743
1.56679;-9.31224
1.56545;-9.31705
1.56412;-9.32187
1.56282;-9.3267
1.56153;-9.33153
1.56026;-9.33637
1.55901;-9.34121
1.55777;-9.34605
1.55656;-9.3509
1.55536;-9.35576
1.55418;-9.36062
1.55302;-9.36548
1.55188;-9.37035
1.55075;-9.37522
1.54964;-9.38009
1.54855;-9.38497
1.54748;-9.38986
1.54643;-9.39474
1.54539;-9.39964
1.54438;-9.40453
1.54338;-9.40943
1.5424;-9.41433
1.54143;-9.41924
1.54049;-9.42415
1.53956;-9.42906
1.53865;-9.43398
1.53776;-9.4389
1.53689;-9.44382
1.53604;-9.44875
1.5352;-9.45368
1.53438;-9.45861
1.53357;-9.46355
1.53278;-9.46848
1.53201;-9.47342
1.53126;-9.47837
1.53052;-9.48331
1.5298;-9.48826
1.5291;-9.49321
1.52841;-9.49816
1.52774;-9.50312
1.52709;-9.50807
1.52645;-9.51303
1.52583;-9.518
1.52523;-9.52296
1.52464;-9.52792
1.52407;-9.53289
1.52352;-9.53786
1.52299;-9.54283
1.52247;-9.54781
1.52196;-9.55278
1.52147;-9.55776
1.521;-9.56273
1.52054;-9.56771
1.52009;-9.57269
1.51966;-9.57767
1.51924;-9.58266
1.51884;-9.58764
1.51846;-9.59263
1.51808;-9.59761
1.51773;-9.6026
1.51738;-9.60759
1.51706;-9.61258
1.51674;-9.61757
1.51644;-9.62256
1.51616;-9.62755
1.51589;-9.63254
1.51564;-9.63754
1.5154;-9.64253
1.51517;-9.64752
1.51496;-9.65252
1.51475;-9.65752
1.51456;-9.66251
1.51438;-9.66751
1.51422;-9.67251
1.51406;-9.6775
1.51392;-9.6825
1.51378;-9.6875
1.51367;-9.6925
1.51356;-9.6975
1.51346;-9.7025
1.51338;-9.7075
1.51331;-9.71249
1.51325;-9.71749
1.5132;-9.72249
1.51316;-9.72749
1.51314;-9.73249
1.51312;-9.73749
1.51312;-9.74249
1.51313;-9.74749
1.51315;-9.75249
1.51318;-9.75749
1.51321;-9.7625
1.51325;-9.76749
1.51331;-9.77249
1.51337;-9.77749
1.51344;-9.78249
1.51351;-9.78749
1.5136;-9.79249
1.5137;-9.79749
1.5138;-9.80249
1.51392;-9.80749
1.51404;-9.81249
1.51417;-9.81749
1.51431;-9.82248
1.51446;-9.82748
1.51462;-9.83248
1.51478;-9.83748
1.51496;-9.84247
1.51514;-9.84747
1.51532;-9.85247
1.51552;-9.85746
1.51571;-9.86246
1.51592;-9.86746
1.51613;-9.87245
1.51634;-9.87745
1.51656;-9.88244
1.51679;-9.88744
1.51702;-9.89243
1.51726;-9.89742
1.5175;-9.90242
1.51775;-9.90741
1.518;-9.91241
1.51826;-9.9174
1.51853;-9.92239
1.5188;-9.92739
1.51908;-9.93238
1.51936;-9.93737
1.51965;-9.94236
1.51994;-9.94735
1.52023;-9.95234
1.52053;-9.95734
1.52083;-9.96233
1.52113;-9.96732
1.52144;-9.97231
1.52175;-9.9773
1.52206;-9.98229
1.52238;-9.98728
1.5227;-9.99227
1.52302;-9.99726
1.52334;-10.0022
1.52367;-10.0072
1.524;-10.0122
1.52434;-10.0172
1.52467;-10.0222
1.52501;-10.0272
1.52535;-10.0322
1.5257;-10.0372
1.52605;-10.0422
1.5264;-10.0471
1.52675;-10.0521
1.5271;-10.0571
1.52745;-10.0621
1.52781;-10.0671
1.52816;-10.0721
1.52851;-10.0771
1.52887;-10.0821
1.52923;-10.087
1.52959;-10.092
1.52994;-10.097
1.5303;-10.102
1.53066;-10.107
1.53103;-10.112
1.53139;-10.117
1.53175;-10.122
1.53212;-10.1269
1.53248;-10.1319
1.53285;-10.1369
1.53322;-10.1419
1.53358;-10.1469
1.53395;-10.1519
1.53431;-10.1569
1.53468;-10.1618
1.53504;-10.1668
1.53541;-10.1718
1.53577;-10.1768
1.53613;-10.1818
1.5365;-10.1868
1.53686;-10.1918
1.53722;-10.1968
1.53758;-10.2017
1.53794;-10.2067
1.5383;-10.2117
1.53866;-10.2167
1.53902;-10.2217
1.53938;-10.2267
1.53974;-10.2317
1.54009;-10.2366
1.54045;-10.2416
1.54081;-10.2466
1.54116;-10.2516
1.54151;-10.2566
1.54186;-10.2616
1.54221;-10.2666
1.54256;-10.2716
1.54291;-10.2765
1.54325;-10.2815
1.5436;-10.2865
1.54394;-10.2915
1.54428;-10.2965
1.54462;-10.3015
1.54496;-10.3065
1.54529;-10.3115
1.54563;-10.3165
1.54596;-10.3214
1.54629;-10.3264
1.54662;-10.3314
1.54695;-10.3364
1.54728;-10.3414
1.54761;-10.3464
1.54793;-10.3514
1.54825;-10.3564
1.54857;-10.3614
1.54889;-10.3663
1.54921;-10.3713
1.54952;-10.3763
1.54983;-10.3813
1.55014;-10.3863
1.55045;-10.3913
1.55076;-10.3963
1.55106;-10.4013
1.55137;-10.4063
1.55167;-10.4113
1.55197;-10.4163
1.55226;-10.4212
1.55256;-10.4262
1.55285;-10.4312
1.55314;-10.4362
1.55343;-10.4412
1.55372;-10.4462
1.554;-10.4512
1.55428;-10.4562
1.55456;-10.4612
1.55484;-10.4662
1.55512;-10.4712
1.55539;-10.4762
1.55566;-10.4811
1.55593;-10.4861
1.5562;-10.4911
1.55647;-10.4961
1.55673;-10.5011
1.55699;-10.5061
1.55725;-10.5111
1.55751;-10.5161
1.55776;-10.5211
1.55801;-10.5261
1.55826;-10.5311
1.55851;-10.5361
1.55876;-10.5411
1.559;-10.5461
1.55924;-10.5511
1.55948;-10.5561
1.55972;-10.561
1.55995;-10.566
1.56019;-10.571
1.56042;-10.576
1.56065;-10.581
1.56087;-10.586
1.5611;-10.591
1.56132;-10.596
1.56154;-10.601
1.56176;-10.606
1.56198;-10.611
1.56219;-10.616
1.5624;-10.621
1.56261;-10.626
1.56282;-10.631
1.56302;-10.636
1.56323;-10.641
1.56343;-10.646
1.56363;-10.651
1.56382;-10.656
1.56402;-10.661
1.56421;-10.6659
1.5644;-10.6709
1.56459;-10.6759
1.56478;-10.6809
1.56496;-10.6859
1.56514;-10.6909
1.56532;-10.6959
1.5655;-10.7009
1.56568;-10.7059
1.56585;-10.7109
1.56603;-10.7159
1.5662;-10.7209
1.56637;-10.7259
1.56653;-10.7309
1.5667;-10.7359
1.56686;-10.7409
1.56702;-10.7459
1.56718;-10.7509
1.56734;-10.7559
1.56749;-10.7609
1.56764;-10.7659
1.5678;-10.7709
1.56795;-10.7759
1.56809;-10.7809
1.56824;-10.7859
1.56838;-10.7909
1.56853;-10.7959
1.56867;-10.8009
1.56881;-10.8059
1.56894;-10.8109
1.56908;-10.8159
1.56921;-10.8209
1.56934;-10.8259
1.56947;-10.8309
1.5696;-10.8359
1.56973;-10.8409
1.56985;-10.8459
1.56997;-10.8509
1.57009;-10.8559
1.57021;-10.8609
1.57033;-10.8659
1.57045;-10.8709
1.57056;-10.8758
1.57068;-10.8808
1.57079;-10.8858
1.5709;-10.8908
1.57101;-10.8958
1.57111;-10.9008
1.57122;-10.9058
1.57132;-10.9108
1.57142;-10.9158
1.57152;-10.9208
1.57162;-10.9258
1.57172;-10.9308
1.57182;-10.9358
1.57191;-10.9408
1.572;-10.9458
1.57209;-10.9508
1.57218;-10.9558
1.57227;-10.9608
1.57236;-10.9658
1.57245;-10.9708
1.57253;-10.9758
1.57261;-10.9808
1.5727;-10.9858
1.57278;-10.9908
1.57286;-10.9958
1.57293;-11.0008
1.57301;-11.0058
1.57308;-11.0108
1.57316;-11.0158
1.57323;-11.0208
1.5733;-11.0258
1.57337;-11.0308
1.57344;-11.0358
1.57351;-11.0408
1.57357;-11.0458
1.57364;-11.0508
1.5737;-11.0558
1.57376;-11.0608
1.57383;-11.0658
1.57389;-11.0708
1.57395;-11.0758
1.574;-11.0808
1.57406;-11.0858
1.57412;-11.0908
1.57417;-11.0958
1.57423;-11.1008
1.57428;-11.1058
1.57433;-11.1108
1.57438;-11.1158
1.57443;-11.1208
1.57448;-11.1258
1.57453;-11.1308
1.57457;-11.1358
1.57462;-11.1408
1.57466;-11.1458
1.5747;-11.1508
1.57475;-11.1558
1.57479;-11.1608
1.57483;-11.1658
1.57487;-11.1708
1.57491;-11.1758
1.57494;-11.1808
1.57498;-11.1858
1.57502;-11.1908
1.57505;-11.1958
1.57509;-11.2008
1.57512;-11.2058
1.57515;-11.2108
1.57518;-11.2158
1.57522;-11.2208
1.57525;-11.2258
1.57527;-11.2308
1.5753;-11.2358
1.57533;-11.2408
1.57536;-11.2458
1.57538;-11.2508
1.57541;-11.2558
1.57543;-11.2608
1.57546;-11.2658
1.57548;-11.2708
1.5755;-11.2758
1.57552;-11.2808
1.57554;-11.2858
1.57557;-11.2908
1.57559;-11.2958
1.5756;-11.3008
1.57562;-11.3058
1.57564;-11.3108
1.57566;-11.3158
1.57567;-11.3208
1.57569;-11.3258
1.5757;-11.3308
1.57572;-11.3358
1.57573;-11.3408
1.5757;-11.3458
1.57561;-11.3508
1.57547;-11.3558
1.57529;-11.3608
1.57505;-11.3658
1.57477;-11.3708
1.57443;-11.3758
1.57404;-11.3808
1.57361;-11.3858
1.57312;-11.3907
1.57259;-11.3957
1.572;-11.4007
1.57137;-11.4056
1.57068;-11.4106
1.56995;-11.4155
1.56917;-11.4205
1.56833;-11.4254
1.56745;-11.4303
1.56652;-11.4352
1.56554;-11.4401
1.56457;-11.445
1.56362;-11.4499
1.56267;-11.4549
1.56174;-11.4598
1.56082;-11.4647
1.55992;-11.4696
1.55902;-11.4745
1.55814;-11.4794
1.55727;-11.4844
1.55641;-11.4893
1.55557;-11.4942
1.55474;-11.4991
1.55391;-11.5041
1.55311;-11.509
1.55231;-11.5139
1.55153;-11.5189
1.55075;-11.5238
1.54999;-11.5288
1.54925;-11.5337
1.54851;-11.5387
1.54779;-11.5436
1.54708;-11.5486
1.54639;-11.5535
1.54571;-11.5585
1.54504;-11.5634
1.54439;-11.5684
1.54375;-11.5733
1.54313;-11.5783
1.54252;-11.5832
1.54192;-11.5882
1.54133;-11.5932
1.54076;-11.5981
1.54021;-11.6031
1.53967;-11.6081
1.53914;-11.6131
1.53862;-11.618
1.53812;-11.623
1.53763;-11.628
1.53716;-11.633
1.5367;-11.6379
1.53625;-11.6429
1.53582;-11.6479
1.53539;-11.6529
1.53498;-11.6579
1.53458;-11.6628
1.5342;-11.6678
1.53382;-11.6728
1.53346;-11.6778
1.5331;-11.6828
1.53276;-11.6878
1.53244;-11.6928
1.53212;-11.6978
1.53182;-11.7028
1.53153;-11.7077
1.53125;-11.7127
1.53098;-11.7177
1.53072;-11.7227
1.53048;-11.7277
1.53025;-11.7327
1.53003;-11.7377
1.52982;-11.7427
1.52962;-11.7477
1.52943;-11.7527
1.52925;-11.7577
1.52907;-11.7627
1.52891;-11.7677
1.52876;-11.7727
1.52862;-11.7777
1.52848;-11.7827
1.52836;-11.7877
1.52825;-11.7927
1.52814;-11.7977
1.52805;-11.8027
1.52797;-11.8077
1.52789;-11.8127
1.52783;-11.8177
1.52777;-11.8227
1.52772;-11.8277
1.52769;-11.8327
1.52766;-11.8377
1.52764;-11.8427
1.52763;-11.8477
1.52762;-11.8527
1.52762;-11.8577
1.52763;-11.8627
1.52765;-11.8677
1.52767;-11.8727
1.5277;-11.8777
1.52774;-11.8827
1.52778;-11.8877
1.52783;-11.8927
1.52789;-11.8977
1.52796;-11.9027
1.52803;-11.9077
1.52811;-11.9127
1.5282;-11.9177
1.52829;-11.9227
1.52839;-11.9277
1.5285;-11.9327
1.52862;-11.9377
1.52874;-11.9427
1.52886;-11.9477
1.52899;-11.9527
1.52912;-11.9577
1.52926;-11.9627
1.52941;-11.9677
1.52955;-11.9727
1.52971;-11.9776
1.52986;-11.9826
1.53002;-11.9876
1.53019;-11.9926
1.53036;-11.9976
1.53054;-12.0026
1.53072;-12.0076
1.5309;-12.0126
1.53109;-12.0176
1.53129;-12.0226
1.53149;-12.0276
1.53169;-12.0326
1.5319;-12.0376
1.53211;-12.0426
1.53233;-12.0476
1.53254;-12.0526
1.53276;-12.0576
1.53298;-12.0626
1.53321;-12.0676
1.53343;-12.0726
1.53366;-12.0776
1.53389;-12.0826
1.53413;-12.0876
1.53437;-12.0926
1.53461;-12.0975
1.53485;-12.1025
1.53509;-12.1075
1.53534;-12.1125
1.53559;-12.1175
1.53584;-12.1225
1.5361;-12.1275
1.53636;-12.1325
1.53662;-12.1375
1.53688;-12.1425
1.53714;-12.1475
1.5374;-12.1525
1.53767;-12.1575
1.53793;-12.1625
1.5382;-12.1675
1.53846;-12.1724
1.53873;-12.1774
1.539;-12.1824
1.53927;-12.1874
1.53954;-12.1924
1.53981;-12.1974
1.54009;-12.2024
1.54036;-12.2074
1.54063;-12.2124
1.54091;-12.2174
1.54119;-12.2224
1.54146;-12.2274
1.54174;-12.2324
1.54202;-12.2374
1.5423;-12.2423
1.54258;-12.2473
1.54286;-12.2523
1.54314;-12.2573
1.54341;-12.2623
1.54369;-12.2673
1.54397;-12.2723
1.54425;-12.2773
1.54452;-12.2823
1.5448;-12.2873
1.54508;-12.2923
1.54535;-12.2973
1.54563;-12.3023
1.54591;-12.3072
1.54618;-12.3122
1.54646;-12.3172
1.54674;-12.3222
1.54701;-12.3272
1.54729;-12.3322
1.54756;-12.3372
1.54783;-12.3422
1.54811;-12.3472
1.54838;-12.3522
1.54865;-12.3572
1.54892;-12.3622
1.54919;-12.3672
1.54946;-12.3721
1.54972;-12.3771
1.54999;-12.3821
1.55026;-12.3871
1.55052;-12.3921
1.55078;-12.3971
1.55104;-12.4021
1.55131;-12.4071
1.55157;-12.4121
1.55183;-12.4171
1.55208;-12.4221
1.55234;-12.4271
1.5526;-12.4321
1.55285;-12.4371
1.55311;-12.4421
1.55336;-12.447
1.55361;-12.452
1.55386;-12.457
1.55411;-12.462
1.55435;-12.467
1.5546;-12.472
1.55484;-12.477
1.55509;-12.482
1.55533;-12.487
1.55557;-12.492
1.5558;-12.497
1.55604;-12.502
1.55628;-12.507
1.55651;-12.512
1.55674;-12.517
1.55697;-12.522
1.5572;-12.527
1.55743;-12.5319
1.55766;-12.5369
1.55788;-12.5419
1.55811;-12.5469
1.55833;-12.5519
1.55855;-12.5569
1.55877;-12.5619
1.55898;-12.5669
1.5592;-12.5719
1.55941;-12.5769
1.55963;-12.5819
1.55984;-12.5869
1.56005;-12.5919
1.56025;-12.5969
1.56046;-12.6019
1.56066;-12.6069
1.56087;-12.6119
1.56107;-12.6169
1.56127;-12.6219
1.56146;-12.6269
1.56166;-12.6319
1.56185;-12.6369
1.56205;-12.6419
1.56224;-12.6468
1.56243;-12.6518
1.56261;-12.6568
1.5628;-12.6618
1.56298;-12.6668
1.56317;-12.6718
1.56335;-12.6768
1.56353;-12.6818
1.56371;-12.6868
1.56388;-12.6918
1.56406;-12.6968
1.56423;-12.7018
1.5644;-12.7068
1.56457;-12.7118
1.56474;-12.7168
1.5649;-12.7218
1.56507;-12.7268
1.56523;-12.7318
1.56539;-12.7368
1.56555;-12.7418
1.56571;-12.7468
1.56587;-12.7518
1.56602;-12.7568
1.56617;-12.7618
1.56633;-12.7668
1.56648;-12.7718
1.56662;-12.7768
1.56677;-12.7818
1.56692;-12.7868
1.56706;-12.7918
1.5672;-12.7968
1.56734;-12.8018
1.56748;-12.8068
1.56762;-12.8118
1.56776;-12.8168
1.56789;-12.8218
1.56802;-12.8268
1.56815;-12.8318
1.56828;-12.8368
1.56841;-12.8417
1.56854;-12.8467
1.56866;-12.8517
1.56879;-12.8567
1.56891;-12.8617
1.56903;-12.8667
1.56915;-12.8717
1.56927;-12.8767
1.56938;-12.8817
1.5695;-12.8867
1.56961;-12.8917
1.56972;-12.8967
1.56984;-12.9017
1.56994;-12.9067
1.57005;-12.9117
1.57016;-12.9167
1.57026;-12.9217
1.57037;-12.9267
1.57047;-12.9317
1.57057;-12.9367
1.57067;-12.9417
1.57077;-12.9467
1.57086;-12.9517
1.57096;-12.9567
1.57105;-12.9617
1.57115;-12.9667
1.57124;-12.9717
1.57133;-12.9767
1.57142;-12.9817
1.57151;-12.9867
1.57159;-12.9917
1.57168;-12.9967
1.57176;-13.0017
1.57185;-13.0067
1.57193;-13.0117
1.57201;-13.0167
1.57209;-13.0217
1.57216;-13.0267
1.57224;-13.0317
1.57232;-13.0367
1.57239;-13.0417
1.57246;-13.0467
1.57254;-13.0517
1.57261;-13.0567
1.57268;-13.0617
1.57275;-13.0667
1.57281;-13.0717
1.57288;-13.0767
1.57295;-13.0817
1.57301;-13.0867
1.57307;-13.0917
1.57314;-13.0967
1.5732;-13.1017
1.57326;-13.1067
1.57332;-13.1117
1.57338;-13.1167
1.57343;-13.1217
1.57349;-13.1267
1.57354;-13.1317
1.5736;-13.1367
1.57365;-13.1417
1.5737;-13.1467
1.57375;-13.1517
1.5738;-13.1567
1.57385;-13.1617
1.5739;-13.1667
1.57395;-13.1717
1.574;-13.1767
1.57404;-13.1817
1.57409;-13.1867
1.57413;-13.1917
1.57417;-13.1967
1.57422;-13.2017
1.57426;-13.2067
1.5743;-13.2117
1.57434;-13.2167
1.57438;-13.2217
1.57441;-13.2267
1.57445;-13.2317
1.57449;-13.2367
1.57452;-13.2417
1.57456;-13.2467
1.57459;-13.2517
1.57462;-13.2567
1.57466;-13.2617
1.57469;-13.2667
1.57472;-13.2717
1.57475;-13.2767
1.57478;-13.2817
1.57481;-13.2867
1.57484;-13.2917
1.57486;-13.2967
1.57489;-13.3017
1.57492;-13.3067
1.57494;-13.3117
1.57497;-13.3167
1.57499;-13.3217
1.57501;-13.3267
1.57504;-13.3317
1.57506;-13.3367
1.57508;-13.3417
1.5751;-13.3467
1.57512;-13.3517
1.57514;-13.3567
1.57516;-13.3617
1.57518;-13.3667
1.5752;-13.3717
1.57521;-13.3767
1.57523;-13.3817
1.57525;-13.3867
1.57526;-13.3917
1.57528;-13.3967
1.57529;-13.4017
1.57531;-13.4067
1.57532;-13.4117
1.57534;-13.4167
1.57535;-13.4217
1.57536;-13.4267
1.57537;-13.4317
1.57538;-13.4367
1.57534;-13.4417
1.57525;-13.4467
1.57511;-13.4517
1.57493;-13.4567
1.57469;-13.4617
1.5744;-13.4667
1.57406;-13.4717
1.57367;-13.4767
1.57323;-13.4816
1.57274;-13.4866
1.57221;-13.4916
1.57162;-13.4965
1.57098;-13.5015
1.57029;-13.5065
1.56956;-13.5114
1.56877;-13.5163
1.56794;-13.5213
1.56705;-13.5262
1.56612;-13.5311
1.56514;-13.536
1.56417;-13.5409
1.56321;-13.5458
1.56226;-13.5507
1.56133;-13.5556
1.56041;-13.5606
1.5595;-13.5655
1.5586;-13.5704
1.55772;-13.5753
1.55685;-13.5802
1.55599;-13.5852
Duration of lap 25.0817 s