2.86891;-0.689779
2.86666;-0.685311
2.86442;-0.680842
2.86218;-0.676374
2.85993;-0.671906
2.85769;-0.667437
2.85545;-0.662969
2.8532;-0.6585
2.85096;-0.654032
2.84872;-0.649564
2.84647;-0.645095
2.84423;-0.640627
2.84198;-0.636159
2.83974;-0.63169
2.8375;-0.627222
2.83525;-0.622753
2.83301;-0.618285
2.83077;-0.613817
2.82852;-0.609348
2.82628;-0.60488
2.82404;-0.600412
2.82179;-0.595943
2.81955;-0.591475
2.81731;-0.587006
2.81506;-0.582538
2.81282;-0.57807
2.81058;-0.573601
2.80833;-0.569133
2.80609;-0.564664
2.80385;-0.560196
2.8016;-0.555728
2.79936;-0.551259
2.79711;-0.546791
2.79487;-0.542323
2.79263;-0.537854
2.79038;-0.533386
2.78814;-0.528917
2.7859;-0.524449
2.78365;-0.519981
2.78141;-0.515512
2.77917;-0.511044
2.77692;-0.506576
2.77468;-0.502107
2.77244;-0.497639
2.77019;-0.49317
2.76795;-0.488702
2.76571;-0.484234
2.76346;-0.479765
2.76122;-0.475297
2.75897;-0.470828
2.75673;-0.46636
2.75449;-0.461892
2.75224;-0.457423
2.75;-0.452955
2.74776;-0.448487
2.74551;-0.444018
2.74327;-0.43955
2.74103;-0.435081
2.73878;-0.430613
2.73654;-0.426145
2.7343;-0.421676
2.73205;-0.417208
2.72981;-0.412739
2.72757;-0.408271
2.72532;-0.403803
2.72308;-0.399334
2.72083;-0.394866
2.71859;-0.390398
2.71635;-0.385929
2.7141;-0.381461
2.71186;-0.376992
2.70962;-0.372524
2.70737;-0.368056
2.70513;-0.363587
2.70289;-0.359119
2.70064;-0.354651
2.6984;-0.350182
2.69616;-0.345714
2.69391;-0.341245
2.69167;-0.336777
2.68943;-0.332309
2.68718;-0.32784
2.68494;-0.323372
2.6827;-0.318903
2.68045;-0.314435
2.67821;-0.309967
2.67596;-0.305498
2.67372;-0.30103
2.67148;-0.296562
2.66923;-0.292093
2.66699;-0.287625
2.66475;-0.283156
2.6625;-0.278688
2.66026;-0.27422
2.65802;-0.269751
2.65577;-0.265283
2.65353;-0.260815
2.65129;-0.256346
2.64904;-0.251878
2.6468;-0.247409
2.64456;-0.242941
2.64231;-0.238473
2.64007;-0.234004
2.63782;-0.229536
2.63558;-0.225068
2.63334;-0.220599
2.63109;-0.216131
2.62885;-0.211662
2.62661;-0.207194
2.62436;-0.202726
2.62212;-0.198257
2.61988;-0.193789
2.61763;-0.189321
2.61539;-0.184852
2.61315;-0.180384
2.6109;-0.175916
2.60866;-0.171447
2.60642;-0.166979
2.60417;-0.16251
2.60193;-0.158042
2.59968;-0.153574
2.59744;-0.149105
2.5952;-0.144637
2.59295;-0.140169
2.59071;-0.1357
2.58847;-0.131232
2.58622;-0.126763
2.58398;-0.122295
2.58174;-0.117827
2.57949;-0.113358
2.57725;-0.10889
2.57501;-0.104422
2.57276;-0.0999533
2.57052;-0.0954849
2.56828;-0.0910165
2.56603;-0.0865482
2.56379;-0.0820798
2.56155;-0.0776114
2.5593;-0.0731431
2.55706;-0.0686747
2.55481;-0.0642063
2.55257;-0.059738
2.55033;-0.0552696
2.54808;-0.0508012
2.54584;-0.0463329
2.5436;-0.0418645
2.54135;-0.0373961
2.53911;-0.0329278
2.53687;-0.0284594
2.53462;-0.023991
2.53238;-0.0195227
2.53014;-0.0150543
2.52789;-0.0105859
2.52565;-0.00611757
2.52341;-0.00164921
2.52116;0.00281916
2.51892;0.00728753
2.51667;0.0117559
2.51443;0.0162243
2.51219;0.0206926
2.50994;0.025161
2.5077;0.0296294
2.50546;0.0340977
2.50321;0.0385661
2.50097;0.0430345
2.49873;0.0475028
2.49648;0.0519712
2.49424;0.0564396
2.492;0.0609079
2.48975;0.0653763
2.48751;0.0698447
2.48527;0.074313
2.48302;0.0787814
2.48078;0.0832498
2.47853;0.0877181
2.47629;0.0921865
2.47405;0.0966549
2.4718;0.101123
2.46956;0.105592
2.46732;0.11006
2.46507;0.114528
2.46283;0.118997
2.46059;0.123465
2.45834;0.127933
2.4561;0.132402
2.45386;0.13687
2.45161;0.141339
2.44937;0.145807
2.44713;0.150275
2.44488;0.154744
2.44264;0.159212
2.4404;0.16368
2.43815;0.168149
2.43591;0.172617
2.43366;0.177085
2.43142;0.181554
2.42918;0.186022
2.42693;0.190491
2.42469;0.194959
2.42245;0.199427
2.4202;0.203896
2.41796;0.208364
2.41572;0.212832
2.41347;0.217301
2.41123;0.221769
2.40899;0.226238
2.40674;0.230706
2.4045;0.235174
2.40226;0.239643
2.40001;0.244111
2.39777;0.248579
2.39552;0.253048
2.39328;0.257516
2.39104;0.261984
2.38879;0.266453
2.38655;0.270921
2.38431;0.27539
2.38206;0.279858
2.37982;0.284326
2.37758;0.288795
2.37533;0.293263
2.37309;0.297732
2.37085;0.3022
2.3686;0.306668
2.36636;0.311137
2.36412;0.315605
2.36187;0.320073
2.35963;0.324542
2.35738;0.32901
2.35514;0.333479
2.3529;0.337947
2.35065;0.342415
2.34841;0.346884
2.34617;0.351352
2.34392;0.35582
2.34168;0.360289
2.33944;0.364757
2.33719;0.369226
2.33495;0.373694
2.33271;0.378162
2.33046;0.382631
2.32822;0.387099
2.32598;0.391568
2.32373;0.396036
2.32149;0.400504
2.31925;0.404973
2.317;0.409441
2.31476;0.413909
2.31251;0.418378
2.31027;0.422846
2.30803;0.427315
2.30578;0.431783
2.30354;0.436251
2.3013;0.44072
2.29905;0.445188
2.29681;0.449656
2.29457;0.454125
2.29232;0.458593
2.29008;0.463062
2.28784;0.46753
2.28559;0.471998
2.28335;0.476467
2.28111;0.480935
2.27886;0.485404
2.27662;0.489872
2.27437;0.49434
2.27213;0.498809
2.26989;0.503277
2.26764;0.507745
2.2654;0.512214
2.26316;0.516682
2.26091;0.521151
2.25867;0.525619
2.25643;0.530087
2.25418;0.534556
2.25194;0.539024
2.2497;0.543492
2.24745;0.547961
2.24521;0.552429
2.24297;0.556898
2.24072;0.561366
2.23848;0.565834
2.23623;0.570303
2.23399;0.574771
2.23175;0.579239
2.2295;0.583708
2.22726;0.588176
2.22502;0.592645
2.22277;0.597113
2.22053;0.601581
2.21829;0.60605
2.21604;0.610518
2.2138;0.614987
2.21156;0.619455
2.20931;0.623923
2.20707;0.628392
2.20483;0.63286
2.20258;0.637328
2.20034;0.641797
2.1981;0.646265
2.19585;0.650734
2.19361;0.655202
2.19136;0.65967
2.18912;0.664139
2.18688;0.668607
2.18463;0.673075
2.18239;0.677544
2.18015;0.682012
2.1779;0.686481
2.17566;0.690949
2.17342;0.695417
2.17117;0.699886
2.16893;0.704354
2.16669;0.708823
2.16444;0.713291
2.1622;0.717759
2.15996;0.722228
2.15771;0.726696
2.15547;0.731164
2.15322;0.735633
2.15098;0.740101
2.14874;0.74457
2.14649;0.749038
2.14425;0.753506
2.14201;0.757975
2.13976;0.762443
2.13752;0.766912
2.13528;0.77138
2.13303;0.775848
2.13079;0.780317
2.12855;0.784785
2.1263;0.789253
2.12406;0.793722
2.12182;0.79819
2.11957;0.802659
2.11733;0.807127
2.11508;0.811595
2.11284;0.816064
2.1106;0.820532
2.10835;0.825
2.10611;0.829469
2.10387;0.833937
2.10162;0.838406
2.09938;0.842874
2.09714;0.847342
2.09489;0.851811
2.09265;0.856279
2.09041;0.860748
2.08816;0.865216
2.08592;0.869684
2.08368;0.874153
2.08143;0.878621
2.07919;0.883089
2.07695;0.887558
2.0747;0.892026
2.07246;0.896495
2.07021;0.900963
2.06797;0.905431
2.06573;0.9099
2.06348;0.914368
2.06124;0.918836
2.059;0.923305
2.05675;0.927773
2.05451;0.932242
2.05227;0.93671
2.05002;0.941178
2.04778;0.945647
2.04554;0.950115
2.04329;0.954584
2.04105;0.959052
2.03881;0.96352
2.03656;0.967989
2.03432;0.972457
2.03207;0.976925
2.02983;0.981394
2.02759;0.985862
2.02534;0.990331
2.0231;0.994799
2.02086;0.999267
2.01861;1.00374
2.01637;1.0082
2.01413;1.01267
2.01188;1.01714
2.00964;1.02161
2.0074;1.02608
2.00515;1.03055
2.00291;1.03501
2.00067;1.03948
1.99842;1.04395
1.99618;1.04842
1.99393;1.05289
1.99169;1.05736
1.98945;1.06182
1.9872;1.06629
1.98496;1.07076
1.98272;1.07523
1.98047;1.0797
1.97823;1.08417
1.97599;1.08863
1.97374;1.0931
1.9715;1.09757
1.96925;1.10204
1.96701;1.10651
1.96477;1.11098
1.96252;1.11544
1.96028;1.11991
1.95804;1.12438
1.95579;1.12885
1.95355;1.13332
1.95131;1.13779
1.94906;1.14225
1.94682;1.14672
1.94457;1.15119
1.94233;1.15566
1.94009;1.16013
1.93784;1.1646
1.9356;1.16906
1.93336;1.17353
1.93111;1.178
1.92887;1.18247
1.92663;1.18694
1.92438;1.19141
1.92214;1.19587
1.91989;1.20034
1.91765;1.20481
1.91541;1.20928
1.91316;1.21375
1.91092;1.21822
1.90868;1.22268
1.90643;1.22715
1.90419;1.23162
1.90195;1.23609
1.8997;1.24056
1.89746;1.24503
1.89521;1.24949
1.89297;1.25396
1.89073;1.25843
1.88848;1.2629
1.88624;1.26737
1.884;1.27184
1.88175;1.2763
1.87951;1.28077
1.87727;1.28524
1.87502;1.28971
1.87278;1.29418
1.87053;1.29865
1.86829;1.30311
1.86605;1.30758
1.8638;1.31205
1.86156;1.31652
1.85932;1.32099
1.85707;1.32545
1.85483;1.32992
1.85259;1.33439
1.85034;1.33886
1.8481;1.34333
1.84585;1.3478
1.84361;1.35226
1.84137;1.35673
1.83912;1.3612
1.83688;1.36567
1.83464;1.37014
1.83239;1.37461
1.83015;1.37907
1.82791;1.38354
1.82566;1.38801
1.82342;1.39248
1.82117;1.39695
1.81893;1.40142
1.81669;1.40588
1.81444;1.41035
1.8122;1.41482
1.80996;1.41929
1.80771;1.42376
1.80547;1.42823
1.80323;1.43269
1.80098;1.43716
1.79874;1.44163
1.79649;1.4461
1.79425;1.45057
1.79201;1.45504
1.78976;1.4595
1.78752;1.46397
1.78528;1.46844
1.78303;1.47291
1.78079;1.47738
1.77855;1.48185
1.7763;1.48631
1.77406;1.49078
1.77181;1.49525
1.76957;1.49972
1.76733;1.50419
1.76508;1.50866
1.76284;1.51312
1.7606;1.51759
1.75835;1.52206
1.75611;1.52653
1.75387;1.531
1.75162;1.53547
1.74938;1.53993
1.74713;1.5444
1.74489;1.54887
1.74265;1.55334
1.7404;1.55781
1.73816;1.56228
1.73592;1.56674
1.73367;1.57121
1.73143;1.57568
1.72919;1.58015
1.72694;1.58462
1.7247;1.58909
1.72245;1.59355
1.72021;1.59802
1.71797;1.60249
1.71572;1.60696
1.71348;1.61143
1.71124;1.6159
1.70899;1.62036
1.70675;1.62483
1.70451;1.6293
1.70226;1.63377
1.70002;1.63824
1.69777;1.64271
1.69553;1.64717
1.69329;1.65164
1.69104;1.65611
1.6888;1.66058
1.68656;1.66505
1.68431;1.66952
1.68207;1.67398
1.67983;1.67845
1.67758;1.68292
1.67534;1.68739
1.67309;1.69186
1.67085;1.69633
1.66861;1.70079
1.66636;1.70526
1.66412;1.70973
1.66188;1.7142
1.65963;1.71867
1.65739;1.72314
1.65515;1.7276
1.6529;1.73207
1.65066;1.73654
1.64841;1.74101
1.64617;1.74548
1.64393;1.74995
1.64168;1.75441
1.63944;1.75888
1.6372;1.76335
1.63495;1.76782
1.63271;1.77229
1.63047;1.77676
1.62822;1.78122
1.62598;1.78569
1.62373;1.79016
1.62149;1.79463
1.61925;1.7991
1.617;1.80357
1.61476;1.80803
1.61252;1.8125
1.61027;1.81697
1.60803;1.82144
1.60579;1.82591
1.60354;1.83038
1.6013;1.83484
1.59905;1.83931
1.59681;1.84378
1.59457;1.84825
1.59232;1.85272
1.59008;1.85719
1.58784;1.86165
1.58559;1.86612
1.58335;1.87059
1.58111;1.87506
1.57886;1.87953
1.57662;1.884
1.57437;1.88846
1.57213;1.89293
1.56989;1.8974
1.56764;1.90187
1.5654;1.90634
1.56316;1.91081
1.56091;1.91527
1.55867;1.91974
1.55643;1.92421
1.55418;1.92868
1.55194;1.93315
1.54969;1.93762
1.54745;1.94208
1.54521;1.94655
1.54296;1.95102
1.54072;1.95549
1.53848;1.95996
1.53623;1.96442
1.53399;1.96889
1.53175;1.97336
1.5295;1.97783
1.52726;1.9823
1.52501;1.98677
1.52277;1.99123
1.52053;1.9957
1.51828;2.00017
1.51604;2.00464
1.5138;2.00911
1.51155;2.01358
1.50931;2.01804
1.50707;2.02251
1.50482;2.02698
1.50258;2.03145
1.50033;2.03592
1.49809;2.04039
1.49585;2.04486
1.4936;2.04932
1.49136;2.05379
1.48912;2.05826
1.48687;2.06273
1.48463;2.0672
1.48239;2.07167
1.48014;2.07613
1.4779;2.0806
1.47565;2.08507
1.47341;2.08954
1.47117;2.09401
1.46892;2.09848
1.46668;2.10295
1.46444;2.10741
1.46219;2.11188
1.45995;2.11635
1.45771;2.12082
1.45546;2.12529
1.45322;2.12976
1.45097;2.13422
1.44873;2.13869
1.44649;2.14316
1.44424;2.14763
1.442;2.1521
1.43976;2.15657
1.43751;2.16104
1.43527;2.1655
1.43303;2.16997
1.43078;2.17444
1.42854;2.17891
1.42629;2.18338
1.42405;2.18785
1.42181;2.19231
1.41956;2.19678
1.41732;2.20125
1.41508;2.20572
1.41283;2.21019
1.41059;2.21466
1.40835;2.21912
1.4061;2.22359
1.40386;2.22806
1.40161;2.23253
1.39937;2.237
1.39713;2.24147
1.39488;2.24594
1.39264;2.2504
1.3904;2.25487
1.38815;2.25934
1.38591;2.26381
1.38367;2.26828
1.38142;2.27275
1.37918;2.27721
1.37693;2.28168
1.37469;2.28615
1.37245;2.29062
1.3702;2.29509
1.36796;2.29956
1.36572;2.30403
1.36347;2.30849
1.36123;2.31296
1.35899;2.31743
1.35674;2.3219
1.3545;2.32637
1.35225;2.33084
1.35001;2.3353
1.34777;2.33977
1.34552;2.34424
1.34328;2.34871
1.34104;2.35318
1.33879;2.35765
1.33655;2.36211
1.33431;2.36658
1.33206;2.37105
1.32982;2.37552
1.32757;2.37999
1.32533;2.38446
1.32309;2.38893
1.32084;2.39339
1.3186;2.39786
1.31636;2.40233
1.31411;2.4068
1.31187;2.41127
1.30963;2.41574
1.30738;2.4202
1.30514;2.42467
1.30289;2.42914
1.30065;2.43361
1.29841;2.43808
1.29616;2.44255
1.29392;2.44702
1.29168;2.45148
1.28943;2.45595
1.28719;2.46042
1.28495;2.46489
1.2827;2.46936
1.28046;2.47383
1.27821;2.47829
1.27597;2.48276
1.27373;2.48723
1.27148;2.4917
1.26924;2.49617
1.267;2.50064
1.26475;2.50511
1.26251;2.50957
1.26026;2.51404
1.25802;2.51851
1.25578;2.52298
1.25353;2.52745
1.25129;2.53192
1.24905;2.53638
1.2468;2.54085
1.24456;2.54532
1.24232;2.54979
1.24007;2.55426
1.23783;2.55873
1.23558;2.56319
1.23334;2.56766
1.2311;2.57213
1.22885;2.5766
1.22661;2.58107
1.22437;2.58554
1.22212;2.59001
1.21988;2.59447
1.21764;2.59894
1.21539;2.60341
1.21315;2.60788
1.2109;2.61235
1.20866;2.61682
1.20642;2.62128
1.20417;2.62575
1.20193;2.63022
1.19969;2.63469
1.19744;2.63916
1.1952;2.64363
1.19296;2.6481
1.19071;2.65256
1.18847;2.65703
1.18622;2.6615
1.18398;2.66597
1.18174;2.67044
1.17949;2.67491
1.17725;2.67937
1.17501;2.68384
1.17276;2.68831
1.17052;2.69278
1.16828;2.69725
1.16603;2.70172
1.16379;2.70618
1.16154;2.71065
1.1593;2.71512
1.15706;2.71959
1.15481;2.72406
1.15257;2.72853
1.15033;2.733
1.14808;2.73746
1.14584;2.74193
1.1436;2.7464
1.14135;2.75087
1.13911;2.75534
1.13686;2.75981
1.13462;2.76427
1.13238;2.76874
1.13013;2.77321
1.12789;2.77768
1.12565;2.78215
1.1234;2.78662
1.12116;2.79109
1.11892;2.79555
1.11667;2.80002
1.11443;2.80449
1.11218;2.80896
1.10994;2.81343
1.1077;2.8179
1.10545;2.82236
1.10321;2.82683
1.10097;2.8313
1.09872;2.83577
1.09648;2.84024
1.09424;2.84471
1.09199;2.84917
1.08975;2.85364
1.0875;2.85811
1.08526;2.86258
1.08302;2.86705
1.08077;2.87152
1.07853;2.87599
1.07629;2.88045
1.07404;2.88492
1.0718;2.88939
1.06956;2.89386
1.06731;2.89833
1.06507;2.9028
1.06282;2.90726
1.06058;2.91173
1.05834;2.9162
1.05609;2.92067
1.05385;2.92514
1.05161;2.92961
1.04936;2.93408
1.04712;2.93854
1.04488;2.94301
1.04263;2.94748
1.04039;2.95195
1.03814;2.95642
1.0359;2.96089
1.03366;2.96535
1.03141;2.96982
1.02917;2.97429
1.02693;2.97876
1.02468;2.98323
1.02244;2.9877
1.0202;2.99217
1.01795;2.99663
1.01571;3.0011
1.01346;3.00557
1.01122;3.01004
1.00898;3.01451
1.00673;3.01898
1.00449;3.02344
1.00225;3.02791
1;3.03238
0.997759;3.03685
0.995516;3.04132
0.993272;3.04579
0.991029;3.05025
0.988785;3.05472
0.986541;3.05919
0.984298;3.06366
0.982054;3.06813
0.979811;3.0726
0.977567;3.07707
0.975324;3.08153
0.97308;3.086
0.970836;3.09047
0.968593;3.09494
0.966349;3.09941
0.964106;3.10388
0.961862;3.10834
0.959619;3.11281
0.957375;3.11728
0.955131;3.12175
0.952888;3.12622
0.950644;3.13069
0.948401;3.13516
0.946157;3.13962
0.943913;3.14409
0.94167;3.14856
0.939426;3.15303
0.937183;3.1575
0.934939;3.16197
0.932696;3.16643
0.930452;3.1709
0.928208;3.17537
0.925965;3.17984
0.923721;3.18431
0.921478;3.18878
0.919234;3.19324
0.916991;3.19771
0.914747;3.20218
0.912503;3.20665
0.91026;3.21112
0.908016;3.21559
0.905773;3.22006
0.903529;3.22452
0.901285;3.22899
0.899042;3.23346
0.896798;3.23793
0.894555;3.2424
0.892311;3.24687
0.890068;3.25133
0.887824;3.2558
0.88558;3.26027
0.883337;3.26474
0.881093;3.26921
0.87885;3.27368
0.876606;3.27815
0.874363;3.28261
0.872119;3.28708
0.869875;3.29155
0.867632;3.29602
0.865388;3.30049
0.863145;3.30496
0.860901;3.30942
0.858657;3.31389
0.856414;3.31836
0.85417;3.32283
0.851927;3.3273
0.849683;3.33177
0.84744;3.33624
0.845196;3.3407
0.842952;3.34517
0.840709;3.34964
0.838465;3.35411
0.836222;3.35858
0.833978;3.36305
0.831735;3.36751
0.829491;3.37198
0.827247;3.37645
0.825004;3.38092
0.82276;3.38539
0.820517;3.38986
0.818273;3.39432
0.816029;3.39879
0.813786;3.40326
0.811542;3.40773
0.809299;3.4122
0.807055;3.41667
0.804812;3.42114
0.802568;3.4256
0.800324;3.43007
0.798081;3.43454
0.795837;3.43901
0.793549;3.44345
0.791217;3.44788
0.788841;3.45228
0.78642;3.45665
0.783956;3.461
0.781449;3.46533
0.778899;3.46963
0.776305;3.4739
0.773669;3.47815
0.770991;3.48237
0.768271;3.48657
0.765509;3.49073
0.762705;3.49487
0.75986;3.49898
0.756974;3.50307
0.754047;3.50712
0.75108;3.51114
0.748073;3.51514
0.745026;3.5191
0.74194;3.52304
0.738814;3.52694
0.73565;3.53081
0.732447;3.53465
0.729206;3.53845
0.725927;3.54223
0.72261;3.54597
0.719256;3.54968
0.715865;3.55335
0.712438;3.55699
0.708974;3.5606
0.705475;3.56417
0.70194;3.5677
0.698369;3.5712
0.694764;3.57467
0.691125;3.57809
0.687451;3.58149
0.683744;3.58484
0.680003;3.58816
0.676229;3.59144
0.672423;3.59468
0.668585;3.59788
0.664714;3.60105
0.660812;3.60417
0.65688;3.60726
0.652916;3.61031
0.648922;3.61332
0.644899;3.61628
0.640845;3.61921
0.636763;3.6221
0.632652;3.62494
0.628513;3.62775
0.624346;3.63051
0.620152;3.63323
0.61593;3.63591
0.611682;3.63855
0.607408;3.64114
0.603108;3.64369
0.598783;3.6462
0.594433;3.64866
0.590059;3.65108
0.58566;3.65346
0.581238;3.65579
0.576793;3.65808
0.572325;3.66033
0.567835;3.66253
0.563324;3.66468
0.558791;3.66679
0.554237;3.66885
0.549662;3.67087
0.545068;3.67284
0.540454;3.67477
0.535822;3.67665
0.53117;3.67848
0.526501;3.68027
0.521814;3.68201
0.517109;3.6837
0.512388;3.68535
0.507651;3.68695
0.502898;3.6885
0.49813;3.69
0.493347;3.69146
0.488574;3.69295
0.483813;3.69447
0.479062;3.69603
0.474322;3.69762
0.469595;3.69925
0.464879;3.70091
0.460175;3.7026
0.455483;3.70433
0.450804;3.70609
0.446138;3.70789
0.441484;3.70972
0.436844;3.71158
0.432217;3.71348
0.427605;3.7154
0.423006;3.71737
0.418421;3.71936
0.413851;3.72139
0.409295;3.72345
0.404755;3.72554
0.400229;3.72767
0.395714;3.72982
0.39121;3.73199
0.386718;3.73418
0.382236;3.7364
0.377766;3.73864
0.373308;3.7409
0.368861;3.74319
0.364425;3.7455
0.360002;3.74783
0.35559;3.75018
0.351191;3.75255
0.346803;3.75495
0.342428;3.75737
0.338065;3.75981
0.333715;3.76228
0.329377;3.76477
0.325052;3.76727
0.32074;3.7698
0.316441;3.77236
0.312151;3.77493
0.30787;3.77751
0.303598;3.78011
0.299336;3.78272
0.295084;3.78535
0.290841;3.788
0.286608;3.79066
0.282384;3.79333
0.27817;3.79603
0.273966;3.79873
0.269771;3.80145
0.265587;3.80419
0.261412;3.80694
0.257247;3.80971
0.253093;3.81249
0.248948;3.81529
0.244814;3.8181
0.24069;3.82093
0.236576;3.82377
0.232472;3.82662
0.228379;3.82949
0.22429;3.83237
0.220206;3.83526
0.216127;3.83815
0.212053;3.84105
0.207984;3.84395
0.20392;3.84687
0.19986;3.84978
0.195805;3.85271
0.191756;3.85564
0.187711;3.85858
0.183671;3.86153
0.179636;3.86448
0.175606;3.86744
0.171581;3.87041
0.167561;3.87338
0.163545;3.87636
0.159535;3.87935
0.15553;3.88234
0.15153;3.88534
0.147535;3.88834
0.143541;3.89135
0.13955;3.89437
0.135561;3.89738
0.131574;3.9004
0.127588;3.90342
0.123605;3.90644
0.119624;3.90946
0.115645;3.91249
0.111668;3.91552
0.107692;3.91855
0.103719;3.92159
0.0997481;3.92463
0.0957789;3.92767
0.0918118;3.93071
0.0878467;3.93376
0.0838836;3.93681
0.0799226;3.93986
0.0759635;3.94291
0.0720065;3.94597
0.0680515;3.94903
0.0640961;3.95209
0.0601403;3.95514
0.0561841;3.9582
0.0522274;3.96126
0.0482703;3.96431
0.0443128;3.96737
0.0403549;3.97043
0.0363965;3.97348
0.0324378;3.97653
0.0284786;3.97959
0.024519;3.98264
0.0205589;3.98569
0.0165985;3.98875
0.0126376;3.9918
0.00867633;3.99485
0.00471463;3.9979
0.000752502;4.00095
-0.00321004;4.004
-0.00717301;4.00705
-0.0111364;4.01009
-0.015097;4.01315
-0.0190547;4.0162
-0.0230096;4.01926
-0.0269617;4.02232
-0.0309109;4.02539
-0.0348573;4.02846
-0.0388008;4.03153
-0.0427415;4.03461
-0.0466794;4.03769
-0.0506144;4.04078
-0.0545465;4.04387
-0.0584758;4.04696
-0.0624022;4.05005
-0.0663258;4.05315
-0.0702465;4.05626
-0.0741643;4.05936
-0.0780792;4.06247
-0.0819913;4.06559
-0.0859004;4.0687
-0.0898067;4.07183
-0.0937084;4.07495
-0.0976056;4.07808
-0.101498;4.08122
-0.105386;4.08437
-0.10927;4.08752
-0.113148;4.09067
-0.117023;4.09383
-0.120892;4.097
-0.124757;4.10017
-0.128617;4.10335
-0.132473;4.10653
-0.136324;4.10972
-0.14017;4.11291
-0.144012;4.11611
-0.147849;4.11932
-0.151681;4.12253
-0.155509;4.12575
-0.159332;4.12897
-0.16315;4.1322
-0.166964;4.13543
-0.170777;4.13867
-0.174591;4.1419
-0.178404;4.14514
-0.182217;4.14837
-0.18603;4.1516
-0.189843;4.15484
-0.193657;4.15807
-0.197469;4.16131
-0.201282;4.16454
-0.205095;4.16778
-0.208908;4.17101
-0.212721;4.17424
-0.216533;4.17748
-0.220346;4.18071
-0.224158;4.18395
-0.227971;4.18718
-0.231783;4.19042
-0.235595;4.19365
-0.239408;4.19689
-0.241313;4.19851
-0.243235;4.20011
-0.245173;4.20168
-0.247126;4.20324
-0.249095;4.20478
-0.25108;4.2063
-0.253079;4.2078
-0.255093;4.20928
-0.257122;4.21075
-0.259166;4.21218
-0.261223;4.2136
-0.263295;4.215
-0.265381;4.21638
-0.267481;4.21774
-0.269593;4.21907
-0.27172;4.22039
-0.273859;4.22168
-0.276011;4.22295
-0.278175;4.2242
-0.280352;4.22543
-0.282541;4.22664
-0.284742;4.22782
-0.286955;4.22898
-0.28918;4.23012
-0.291415;4.23124
-0.293662;4.23234
-0.29592;4.23341
-0.298188;4.23446
-0.300466;4.23549
-0.302755;4.23649
-0.305054;4.23748
-0.307362;4.23843
-0.30968;4.23937
-0.312007;4.24028
-0.314343;4.24117
-0.316688;4.24204
-0.319042;4.24288
-0.321403;4.2437
-0.323773;4.2445
-0.328529;4.24604
-0.333279;4.2476
-0.338022;4.24918
-0.342759;4.25078
-0.34749;4.2524
-0.352214;4.25404
-0.356931;4.2557
-0.361642;4.25737
-0.366346;4.25907
-0.371043;4.26078
-0.375733;4.26251
-0.380416;4.26426
-0.385092;4.26603
-0.389761;4.26782
-0.394423;4.26963
-0.399078;4.27146
-0.403725;4.2733
-0.408364;4.27516
-0.412997;4.27705
-0.417621;4.27895
-0.422238;4.28087
-0.426848;4.2828
-0.431452;4.28475
-0.436051;4.28672
-0.440644;4.28869
-0.445232;4.29068
-0.449815;4.29268
-0.454393;4.29469
-0.458965;4.29671
-0.463532;4.29875
-0.468094;4.30079
-0.47265;4.30285
-0.4772;4.30493
-0.481745;4.30701
-0.486284;4.30911
-0.490818;4.31122
-0.495346;4.31334
-0.499868;4.31547
-0.504385;4.31761
-0.508896;4.31977
-0.513401;4.32194
-0.51565;4.32303
-0.51791;4.3241
-0.520181;4.32514
-0.522462;4.32616
-0.524753;4.32716
-0.527054;4.32814
-0.529365;4.32909
-0.531685;4.33002
-0.534015;4.33093
-0.536353;4.33181
-0.5387;4.33267
-0.541055;4.33351
-0.543419;4.33432
-0.545791;4.33511
-0.54817;4.33588
-0.550557;4.33662
-0.552952;4.33734
-0.555353;4.33803
-0.557761;4.3387
-0.560176;4.33935
-0.562597;4.33997
-0.565024;4.34057
-0.567457;4.34114
-0.569896;4.34169
-0.57234;4.34221
-0.574789;4.34271
-0.577243;4.34319
-0.579702;4.34364
-0.582165;4.34407
-0.584632;4.34447
-0.587103;4.34484
-0.589578;4.3452
-0.592056;4.34552
-0.594538;4.34583
-0.597022;4.3461
-0.599509;4.34636
-0.601998;4.34659
-0.604489;4.34679
-0.606983;4.34697
-0.609478;4.34712
-0.614471;4.34738
-0.619463;4.34765
-0.624455;4.34794
-0.629446;4.34825
-0.634435;4.34857
-0.639424;4.34891
-0.644411;4.34926
-0.649397;4.34963
-0.654382;4.35002
-0.659366;4.35043
-0.664348;4.35085
-0.669329;4.35128
-0.674308;4.35174
-0.679286;4.35221
-0.684262;4.35269
-0.689237;4.3532
-0.69421;4.35372
-0.699181;4.35425
-0.70415;4.3548
-0.709118;4.35537
-0.714083;4.35596
-0.719047;4.35656
-0.72401;4.35717
-0.72897;4.3578
-0.733929;4.35844
-0.738886;4.35909
-0.743841;4.35976
-0.748794;4.36045
-0.753745;4.36114
-0.758694;4.36185
-0.763641;4.36258
-0.768586;4.36332
-0.773529;4.36407
-0.77847;4.36484
-0.783408;4.36562
-0.788345;4.36641
-0.793279;4.36722
-0.798211;4.36805
-0.80314;4.36888
-0.805603;4.36931
-0.808071;4.36971
-0.810542;4.37008
-0.813017;4.37044
-0.815495;4.37076
-0.817976;4.37106
-0.820461;4.37134
-0.822948;4.37159
-0.825437;4.37182
-0.827928;4.37202
-0.830422;4.3722
-0.832917;4.37235
-0.835413;4.37248
-0.837911;4.37258
-0.840409;4.37266
-0.842908;4.37271
-0.845408;4.37274
-0.847907;4.37274
-0.850407;4.37272
-0.852906;4.37267
-0.855405;4.3726
-0.860401;4.3724
-0.865398;4.37222
-0.870394;4.37205
-0.875392;4.37188
-0.88039;4.37173
-0.885388;4.37159
-0.890386;4.37147
-0.895384;4.37135
-0.900383;4.37124
-0.905382;4.37114
-0.910382;4.37106
-0.915381;4.37098
-0.920381;4.37092
-0.92538;4.37087
-0.93038;4.37083
-0.93538;4.3708
-0.94038;4.37078
-0.94538;4.37077
-0.95038;4.37077
-0.95538;4.37079
-0.96038;4.37081
-0.96538;4.37084
-0.97038;4.37086
-0.97538;4.37089
-0.98038;4.37091
-0.98538;4.37094
-0.990379;4.37096
-0.995379;4.37099
-1.00038;4.37102
-1.00538;4.37104
-1.01038;4.37107
-1.01538;4.37109
-1.02038;4.37112
-1.02538;4.37115
-1.03038;4.37117
-1.03538;4.3712
-1.04038;4.37123
-1.04538;4.37125
-1.05038;4.37128
-1.05538;4.37131
-1.06038;4.37134
-1.06538;4.37136
-1.07038;4.37138
-1.07538;4.3714
-1.08038;4.37141
-1.08538;4.37142
-1.09038;4.37143
-1.09538;4.37143
-1.10038;4.37143
-1.10538;4.37142
-1.11038;4.37141
-1.11538;4.3714
-1.12038;4.37139
-1.12538;4.37137
-1.13038;4.37134
-1.13538;4.37132
-1.14038;4.37129
-1.14538;4.37125
-1.15038;4.37122
-1.15538;4.37118
-1.15788;4.37116
-1.16038;4.37111
-1.16287;4.37104
-1.16537;4.37094
-1.16787;4.37082
-1.17036;4.37067
-1.17286;4.3705
-1.17535;4.3703
-1.17784;4.37008
-1.18033;4.36983
-1.18281;4.36956
-1.18529;4.36927
-1.18777;4.36894
-1.19025;4.3686
-1.19272;4.36823
-1.19519;4.36783
-1.19765;4.36741
-1.20011;4.36697
-1.20257;4.3665
-1.20502;4.366
-1.20991;4.36497
-1.2148;4.36392
-1.21969;4.36287
-1.22457;4.36181
-1.22946;4.36074
-1.23434;4.35967
-1.23922;4.35859
-1.2441;4.3575
-1.24898;4.3564
-1.25386;4.3553
-1.25873;4.35418
-1.26361;4.35307
-1.26848;4.35194
-1.27335;4.3508
-1.27821;4.34966
-1.28308;4.34851
-1.28794;4.34735
-1.29281;4.34619
-1.29767;4.34502
-1.30253;4.34384
-1.30738;4.34265
-1.31224;4.34145
-1.31709;4.34024
-1.32194;4.33901
-1.32678;4.33778
-1.33162;4.33653
-1.33646;4.33527
-1.3413;4.334
-1.34613;4.33272
-1.35096;4.33142
-1.35579;4.33011
-1.36061;4.3288
-1.36543;4.32746
-1.37024;4.32612
-1.37506;4.32477
-1.37987;4.3234
-1.38467;4.32202
-1.38948;4.32063
-1.39428;4.31923
-1.39907;4.31782
-1.40386;4.31639
-1.40865;4.31495
-1.41344;4.3135
-1.41822;4.31203
-1.42299;4.31055
-1.42776;4.30906
-1.43253;4.30755
-1.43729;4.30603
-1.44205;4.3045
-1.44681;4.30295
-1.45156;4.30139
-1.4563;4.29982
-1.46104;4.29823
-1.46578;4.29663
-1.47051;4.29501
-1.47524;4.29338
-1.47996;4.29174
-1.48468;4.29009
-1.4894;4.28842
-1.4941;4.28674
-1.49881;4.28504
-1.50351;4.28334
-1.5082;4.28162
-1.5129;4.27989
-1.51758;4.27815
-1.52227;4.2764
-1.52695;4.27464
-1.53162;4.27286
-1.53629;4.27108
-1.54096;4.26928
-1.54562;4.26748
-1.55028;4.26566
-1.55493;4.26383
-1.55958;4.26199
-1.56422;4.26013
-1.56886;4.25827
-1.5735;4.2564
-1.57813;4.25451
-1.58276;4.25262
-1.58738;4.25071
-1.59199;4.24878
-1.5966;4.24684
-1.6012;4.24488
-1.60579;4.2429
-1.61038;4.24091
-1.61495;4.2389
-1.61952;4.23687
-1.62408;4.23482
-1.62864;4.23276
-1.63318;4.23068
-1.63772;4.22858
-1.64225;4.22646
-1.64678;4.22433
-1.65129;4.22218
-1.6558;4.22001
-1.66029;4.21783
-1.66478;4.21563
-1.66926;4.21341
-1.67374;4.21117
-1.6782;4.20892
-1.68266;4.20665
-1.6871;4.20437
-1.69154;4.20207
-1.69597;4.19975
-1.70039;4.19741
-1.7048;4.19506
-1.70921;4.19269
-1.7136;4.1903
-1.71799;4.1879
-1.72236;4.18548
-1.72673;4.18305
-1.73108;4.18059
-1.73543;4.17812
-1.73977;4.17564
-1.7441;4.17314
-1.74842;4.17062
-1.75273;4.16808
-1.75703;4.16553
-1.76132;4.16297
-1.7656;4.16038
-1.76987;4.15778
-1.77414;4.15517
-1.7784;4.15256
-1.78266;4.14994
-1.78691;4.14731
-1.79116;4.14467
-1.7954;4.14203
-1.79964;4.13938
-1.80388;4.13672
-1.80811;4.13406
-1.81234;4.13139
-1.81656;4.12871
-1.82078;4.12602
-1.82499;4.12333
-1.8292;4.12063
-1.8334;4.11792
-1.8376;4.11521
-1.8418;4.11249
-1.84599;4.10976
-1.85017;4.10703
-1.85435;4.10428
-1.85853;4.10154
-1.86271;4.0988
-1.8669;4.09606
-1.87108;4.09332
-1.87526;4.09058
-1.87944;4.08784
-1.88362;4.0851
-1.88781;4.08236
-1.89199;4.07962
-1.89617;4.07688
-1.90035;4.07414
-1.90454;4.0714
-1.90872;4.06866
-1.91291;4.06592
-1.91709;4.06319
-1.92127;4.06045
-1.92546;4.05771
-1.92964;4.05498
-1.93383;4.05224
-1.93801;4.0495
-1.94219;4.04676
-1.94637;4.04402
-1.95055;4.04127
-1.95472;4.03851
-1.95889;4.03575
-1.96305;4.03298
-1.96722;4.03021
-1.97137;4.02744
-1.97553;4.02465
-1.97968;4.02187
-1.98383;4.01908
-1.98797;4.01628
-1.99212;4.01348
-1.99626;4.01067
-2.00039;4.00786
-2.00452;4.00505
-2.00865;4.00223
-2.01278;3.9994
-2.0169;3.99657
-2.02101;3.99374
-2.02513;3.9909
-2.02924;3.98805
-2.03335;3.9852
-2.03745;3.98235
-2.04156;3.97949
-2.04565;3.97662
-2.04975;3.97375
-2.05384;3.97088
-2.05793;3.968
-2.06202;3.96512
-2.0661;3.96223
-2.07018;3.95934
-2.07425;3.95644
-2.07833;3.95354
-2.08239;3.95064
-2.08646;3.94773
-2.09052;3.94481
-2.09458;3.94189
-2.09864;3.93897
-2.10269;3.93604
-2.10674;3.93311
-2.11079;3.93017
-2.11483;3.92723
-2.11888;3.9243
-2.12292;3.92135
-2.12696;3.91841
-2.131;3.91546
-2.13504;3.91251
-2.13907;3.90956
-2.14311;3.9066
-2.14714;3.90365
-2.15117;3.90069
-2.15519;3.89772
-2.15922;3.89476
-2.16324;3.89179
-2.16727;3.88882
-2.17129;3.88585
-2.1753;3.88287
-2.17932;3.87989
-2.18333;3.87691
-2.18735;3.87393
-2.19135;3.87094
-2.19536;3.86794
-2.19936;3.86495
-2.20336;3.86195
-2.20736;3.85894
-2.21135;3.85593
-2.21534;3.85292
-2.21933;3.8499
-2.22331;3.84688
-2.22729;3.84385
-2.23127;3.84083
-2.23524;3.83779
-2.23922;3.83476
-2.24319;3.83171
-2.24715;3.82867
-2.25111;3.82562
-2.25507;3.82257
-2.25903;3.81951
-2.26298;3.81645
-2.26693;3.81338
-2.27088;3.81031
-2.27482;3.80723
-2.27875;3.80414
-2.28268;3.80105
-2.28661;3.79796
-2.29053;3.79485
-2.29444;3.79175
-2.29836;3.78863
-2.30226;3.78551
-2.30617;3.78239
-2.31006;3.77925
-2.31396;3.77612
-2.31784;3.77297
-2.32173;3.76982
-2.32561;3.76667
-2.32948;3.76351
-2.33335;3.76034
-2.33722;3.75717
-2.34107;3.75399
-2.34492;3.75079
-2.34875;3.74758
-2.35258;3.74436
-2.35639;3.74113
-2.3602;3.73789
-2.364;3.73464
-2.36778;3.73137
-2.37156;3.7281
-2.37533;3.72481
-2.37908;3.72151
-2.38283;3.7182
-2.38657;3.71487
-2.39029;3.71154
-2.39401;3.7082
-2.39771;3.70484
-2.40141;3.70147
-2.4051;3.69809
-2.40877;3.6947
-2.41244;3.6913
-2.41609;3.68789
-2.41974;3.68447
-2.42338;3.68105
-2.42702;3.67762
-2.43066;3.67418
-2.43428;3.67074
-2.43791;3.6673
-2.44152;3.66384
-2.44513;3.66038
-2.44874;3.65692
-2.45234;3.65345
-2.45593;3.64998
-2.45952;3.64649
-2.4631;3.64301
-2.46668;3.63951
-2.47026;3.63602
-2.47382;3.63251
-2.47738;3.629
-2.48094;3.62549
-2.48449;3.62197
-2.48803;3.61844
-2.49158;3.61492
-2.49514;3.6114
-2.49869;3.60789
-2.50225;3.60438
-2.50582;3.60087
-2.50939;3.59737
-2.51296;3.59387
-2.51654;3.59038
-2.52012;3.58689
-2.52371;3.58341
-2.5273;3.57993
-2.53089;3.57645
-2.53449;3.57298
-2.53809;3.56951
-2.5417;3.56605
-2.54531;3.56259
-2.54892;3.55913
-2.55254;3.55568
-2.55617;3.55224
-2.55979;3.54879
-2.56341;3.54534
-2.56703;3.54189
-2.57065;3.53844
-2.57426;3.53499
-2.57788;3.53154
-2.5815;3.52809
-2.58511;3.52463
-2.58872;3.52118
-2.59234;3.51772
-2.59595;3.51426
-2.59956;3.5108
-2.60317;3.50734
-2.60678;3.50388
-2.61038;3.50042
-2.61399;3.49695
-2.6176;3.49349
-2.6212;3.49002
-2.6248;3.48656
-2.6284;3.48309
-2.63201;3.47962
-2.6356;3.47615
-2.6392;3.47268
-2.6428;3.4692
-2.64639;3.46572
-2.64998;3.46224
-2.65357;3.45876
-2.65715;3.45528
-2.66074;3.45179
-2.66432;3.4483
-2.6679;3.44481
-2.67148;3.44132
-2.67505;3.43782
-2.67862;3.43433
-2.68219;3.43083
-2.68576;3.42732
-2.68933;3.42382
-2.69289;3.42031
-2.69646;3.4168
-2.70002;3.41329
-2.70357;3.40978
-2.70714;3.40627
-2.7107;3.40276
-2.71427;3.39926
-2.71784;3.39576
-2.72141;3.39226
-2.72499;3.38877
-2.72857;3.38528
-2.73215;3.38179
-2.73573;3.37831
-2.73932;3.37482
-2.74292;3.37135
-2.74651;3.36787
-2.75011;3.3644
-2.75371;3.36093
-2.75731;3.35747
-2.76092;3.354
-2.76453;3.35054
-2.76815;3.34709
-2.77176;3.34364
-2.77538;3.34018
-2.77899;3.33672
-2.7826;3.33326
-2.78621;3.3298
-2.78981;3.32634
-2.79342;3.32287
-2.79702;3.3194
-2.80062;3.31593
-2.80421;3.31246
-2.80781;3.30898
-2.8114;3.30551
-2.81499;3.30203
-2.81858;3.29854
-2.82216;3.29506
-2.82575;3.29157
-2.82933;3.28808
-2.83291;3.28459
-2.83649;3.2811
-2.84006;3.2776
-2.84363;3.27411
-2.8472;3.27061
-2.85078;3.26711
-2.85435;3.26361
-2.85792;3.26011
-2.8615;3.25661
-2.86507;3.25312
-2.86865;3.24962
-2.87222;3.24613
-2.8758;3.24263
-2.87938;3.23914
-2.88296;3.23565
-2.88653;3.23216
-2.89012;3.22867
-2.8937;3.22518
-2.89728;3.22169
-2.90086;3.2182
-2.90444;3.21472
-2.90803;3.21123
-2.91161;3.20775
-2.9152;3.20426
-2.91879;3.20078
-2.92238;3.1973
-2.92597;3.19382
-2.92956;3.19034
-2.93315;3.18686
-2.93675;3.18339
-2.94034;3.17991
-2.94394;3.17644
-2.94754;3.17297
-2.95114;3.1695
-2.95475;3.16604
-2.95835;3.16257
-2.96196;3.15911
-2.96556;3.15565
-2.96917;3.15219
-2.97279;3.14873
-2.9764;3.14527
-2.98001;3.14182
-2.98363;3.13836
-2.98725;3.13491
-2.99087;3.13146
-2.99448;3.12801
-2.99809;3.12455
-3.00169;3.12108
-3.00529;3.11761
-3.00889;3.11413
-3.01248;3.11065
-3.01606;3.10717
-3.01964;3.10368
-3.02321;3.10018
-3.02678;3.09668
-3.03034;3.09317
-3.0339;3.08966
-3.03746;3.08614
-3.04101;3.08262
-3.04455;3.07909
-3.04809;3.07556
-3.05162;3.07202
-3.05515;3.06848
-3.05867;3.06493
-3.06219;3.06137
-3.0657;3.05781
-3.06919;3.05424
-3.07268;3.05066
-3.07616;3.04707
-3.07963;3.04346
-3.08309;3.03985
-3.08654;3.03623
-3.08998;3.0326
-3.09341;3.02897
-3.09683;3.02532
-3.10024;3.02166
-3.10364;3.01799
-3.10702;3.01432
-3.1104;3.01063
-3.11377;3.00694
-3.11713;3.00324
-3.12048;2.99952
-3.12382;2.9958
-3.12715;2.99207
-3.13047;2.98833
-3.13377;2.98458
-3.13707;2.98082
-3.14036;2.97705
-3.14364;2.97328
-3.1469;2.96949
-3.15016;2.9657
-3.15341;2.96189
-3.15664;2.95808
-3.15986;2.95426
-3.16308;2.95043
-3.16628;2.94659
-3.16948;2.94274
-3.17266;2.93889
-3.17583;2.93502
-3.17899;2.93115
-3.18214;2.92727
-3.18528;2.92337
-3.18841;2.91947
-3.19153;2.91557
-3.19463;2.91165
-3.19773;2.90772
-3.20081;2.90379
-3.20389;2.89984
-3.20695;2.89589
-3.21;2.89193
-3.21304;2.88796
-3.21606;2.88398
-3.21908;2.87999
-3.22209;2.87599
-3.22508;2.87199
-3.22806;2.86798
-3.23103;2.86395
-3.23399;2.85992
-3.23694;2.85588
-3.23987;2.85184
-3.2428;2.84778
-3.24571;2.84372
-3.24861;2.83964
-3.2515;2.83556
-3.25438;2.83148
-3.25724;2.82738
-3.2601;2.82327
-3.26293;2.81916
-3.26576;2.81503
-3.26858;2.8109
-3.27138;2.80676
-3.27417;2.80261
-3.27694;2.79845
-3.2797;2.79428
-3.28245;2.79011
-3.28519;2.78592
-3.28792;2.78173
-3.29063;2.77753
-3.29333;2.77332
-3.29601;2.7691
-3.29868;2.76487
-3.30134;2.76064
-3.30399;2.7564
-3.30662;2.75215
-3.30924;2.74789
-3.31185;2.74362
-3.31444;2.73935
-3.31702;2.73506
-3.31958;2.73077
-3.32213;2.72647
-3.32466;2.72216
-3.32719;2.71784
-3.32969;2.71351
-3.33218;2.70918
-3.33466;2.70484
-3.33712;2.70048
-3.33957;2.69612
-3.34201;2.69176
-3.34443;2.68738
-3.34683;2.683
-3.34922;2.67861
-3.3516;2.67421
-3.35396;2.6698
-3.3563;2.66538
-3.35864;2.66096
-3.36097;2.65654
-3.3633;2.65211
-3.36562;2.64769
-3.36795;2.64326
-3.37027;2.63883
-3.37259;2.6344
-3.37491;2.62998
-3.37723;2.62554
-3.37954;2.62111
-3.38186;2.61668
-3.38417;2.61225
-3.38648;2.60781
-3.38879;2.60338
-3.3911;2.59894
-3.3934;2.59451
-3.39571;2.59007
-3.39801;2.58563
-3.40031;2.58119
-3.40261;2.57675
-3.4049;2.57231
-3.4072;2.56787
-3.40951;2.56343
-3.41182;2.559
-3.41413;2.55457
-3.41645;2.55014
-3.41878;2.54571
-3.42111;2.54128
-3.42344;2.53686
-3.42578;2.53244
-3.42812;2.52802
-3.43046;2.52361
-3.43281;2.5192
-3.43517;2.51479
-3.43753;2.51038
-3.43989;2.50597
-3.44226;2.50157
-3.44464;2.49717
-3.44701;2.49277
-3.4494;2.48837
-3.45178;2.48398
-3.45417;2.47959
-3.45657;2.4752
-3.45896;2.47081
-3.46136;2.46642
-3.46376;2.46204
-3.46616;2.45765
-3.46857;2.45327
-3.47098;2.44889
-3.47339;2.44451
-3.47581;2.44013
-3.47823;2.43576
-3.48065;2.43138
-3.48307;2.42701
-3.4855;2.42264
-3.48793;2.41827
-3.49036;2.4139
-3.4928;2.40953
-3.49524;2.40517
-3.49768;2.4008
-3.50012;2.39644
-3.50256;2.39208
-3.50501;2.38772
-3.50746;2.38336
-3.5099;2.379
-3.51235;2.37464
-3.5148;2.37028
-3.51726;2.36592
-3.51971;2.36156
-3.52216;2.35721
-3.52462;2.35285
-3.52708;2.3485
-3.52954;2.34415
-3.532;2.33979
-3.53446;2.33544
-3.53692;2.33109
-3.53938;2.32674
-3.54185;2.32239
-3.54431;2.31804
-3.54678;2.31369
-3.54925;2.30934
-3.55173;2.305
-3.55421;2.30066
-3.5567;2.29632
-3.55919;2.29199
-3.56169;2.28766
-3.5642;2.28333
-3.56671;2.27901
-3.56923;2.27469
-3.57176;2.27037
-3.57429;2.26606
-3.57683;2.26176
-3.57937;2.25745
-3.58192;2.25315
-3.58448;2.24885
-3.58705;2.24456
-3.58962;2.24027
-3.59219;2.23599
-3.59477;2.23171
-3.59736;2.22743
-3.59996;2.22315
-3.60255;2.21888
-3.60515;2.21461
-3.60775;2.21034
-3.61035;2.20607
-3.61295;2.20179
-3.61555;2.19752
-3.61815;2.19326
-3.62076;2.18899
-3.62336;2.18472
-3.62597;2.18045
-3.62857;2.17619
-3.63118;2.17192
-3.63379;2.16766
-3.6364;2.16339
-3.63902;2.15913
-3.64163;2.15486
-3.64424;2.1506
-3.64686;2.14634
-3.64947;2.14208
-3.6521;2.13782
-3.65472;2.13357
-3.65736;2.12932
-3.65999;2.12507
-3.66264;2.12083
-3.66528;2.11658
-3.66794;2.11235
-3.67059;2.10811
-3.67326;2.10388
-3.67593;2.09965
-3.6786;2.09543
-3.68128;2.09121
-3.68396;2.08699
-3.68665;2.08277
-3.68935;2.07856
-3.69205;2.07435
-3.69475;2.07015
-3.69746;2.06595
-3.70018;2.06175
-3.7029;2.05755
-3.70563;2.05336
-3.70835;2.04917
-3.71107;2.04497
-3.71379;2.04078
-3.71651;2.03658
-3.71923;2.03239
-3.72195;2.02819
-3.72466;2.02399
-3.72737;2.01979
-3.73008;2.01559
-3.73279;2.01138
-3.7355;2.00718
-3.7382;2.00297
-3.74091;1.99877
-3.74361;1.99456
-3.74631;1.99035
-3.74901;1.98614
-3.75171;1.98193
-3.7544;1.97772
-3.75709;1.97351
-3.75979;1.9693
-3.76247;1.96508
-3.76515;1.96086
-3.76782;1.95663
-3.77049;1.9524
-3.77315;1.94817
-3.7758;1.94393
-3.77845;1.93969
-3.78109;1.93544
-3.78373;1.93119
-3.78635;1.92694
-3.78898;1.92268
-3.79159;1.91842
-3.7942;1.91416
-3.7968;1.90989
-3.7994;1.90561
-3.80199;1.90134
-3.80457;1.89706
-3.80715;1.89277
-3.80972;1.88848
-3.81229;1.88419
-3.81484;1.87989
-3.81738;1.87559
-3.81991;1.87127
-3.82243;1.86695
-3.82493;1.86263
-3.82743;1.85829
-3.82991;1.85395
-3.83237;1.8496
-3.83483;1.84525
-3.83728;1.84089
-3.83971;1.83652
-3.84213;1.83214
-3.84454;1.82776
-3.84693;1.82337
-3.84931;1.81898
-3.85168;1.81457
-3.85404;1.81016
-3.85639;1.80575
-3.85872;1.80133
-3.86105;1.7969
-3.86336;1.79247
-3.86567;1.78803
-3.86797;1.78359
-3.87027;1.77915
-3.87256;1.77471
-3.87484;1.77026
-3.87711;1.76581
-3.87938;1.76135
-3.88164;1.75689
-3.8839;1.75243
-3.88615;1.74796
-3.88839;1.74349
-3.89062;1.73902
-3.89285;1.73454
-3.89508;1.73007
-3.89729;1.72558
-3.8995;1.7211
-3.9017;1.71661
-3.90389;1.71212
-3.90608;1.70762
-3.90827;1.70312
-3.91045;1.69862
-3.91263;1.69412
-3.9148;1.68962
-3.91697;1.68511
-3.91914;1.68061
-3.9213;1.6761
-3.92346;1.67159
-3.92561;1.66708
-3.92777;1.66257
-3.92992;1.65805
-3.93206;1.65354
-3.9342;1.64902
-3.93634;1.6445
-3.93848;1.63998
-3.94061;1.63545
-3.94273;1.63093
-3.94486;1.6264
-3.94698;1.62187
-3.94908;1.61734
-3.95117;1.61279
-3.95324;1.60824
-3.9553;1.60369
-3.95734;1.59912
-3.95937;1.59455
-3.96138;1.58997
-3.96337;1.58539
-3.96535;1.5808
-3.96732;1.5762
-3.96926;1.57159
-3.9712;1.56698
-3.97311;1.56236
-3.97501;1.55774
-3.9769;1.55311
-3.97876;1.54847
-3.98062;1.54383
-3.98245;1.53918
-3.98427;1.53452
-3.98608;1.52986
-3.98786;1.52519
-3.98964;1.52051
-3.99141;1.51584
-3.99317;1.51116
-3.99492;1.50647
-3.99666;1.50178
-3.99839;1.49709
-4.00011;1.4924
-4.00182;1.4877
-4.00352;1.483
-4.00521;1.47829
-4.0069;1.47359
-4.00857;1.46887
-4.01023;1.46416
-4.01188;1.45944
-4.01353;1.45472
-4.01516;1.44999
-4.01678;1.44526
-4.0184;1.44053
-4.02;1.43579
-4.02159;1.43105
-4.02318;1.42631
-4.02475;1.42156
-4.02631;1.41681
-4.02786;1.41206
-4.02939;1.4073
-4.03092;1.40254
-4.03243;1.39778
-4.03394;1.39301
-4.03543;1.38823
-4.03691;1.38346
-4.03838;1.37868
-4.03984;1.3739
-4.04128;1.36911
-4.04272;1.36432
-4.04414;1.35953
-4.04555;1.35473
-4.04695;1.34993
-4.04834;1.34513
-4.04972;1.34032
-4.05109;1.33551
-4.05246;1.3307
-4.05382;1.32589
-4.05519;1.32108
-4.05654;1.31627
-4.0579;1.31146
-4.05925;1.30664
-4.0606;1.30183
-4.06194;1.29701
-4.06328;1.29219
-4.06461;1.28738
-4.06594;1.28256
-4.06727;1.27774
-4.06859;1.27291
-4.06991;1.26809
-4.07123;1.26327
-4.07254;1.25844
-4.07385;1.25362
-4.07515;1.24879
-4.07645;1.24396
-4.07775;1.23913
-4.07904;1.2343
-4.08034;1.22947
-4.08163;1.22464
-4.08292;1.21981
-4.08421;1.21498
-4.0855;1.21015
-4.08679;1.20532
-4.08808;1.20049
-4.08937;1.19566
-4.09065;1.19083
-4.09194;1.18599
-4.09322;1.18116
-4.09451;1.17633
-4.09579;1.1715
-4.09707;1.16666
-4.09835;1.16183
-4.09963;1.157
-4.1009;1.15216
-4.10218;1.14733
-4.10346;1.14249
-4.10473;1.13766
-4.10601;1.13283
-4.10729;1.12799
-4.10856;1.12316
-4.10984;1.11832
-4.11112;1.11349
-4.11239;1.10865
-4.11367;1.10382
-4.11495;1.09899
-4.11623;1.09415
-4.11751;1.08932
-4.11878;1.08448
-4.12006;1.07965
-4.12134;1.07482
-4.12262;1.06998
-4.1239;1.06515
-4.12518;1.06032
-4.12646;1.05548
-4.12774;1.05065
-4.12902;1.04582
-4.1303;1.04098
-4.13158;1.03615
-4.13287;1.03132
-4.13415;1.02649
-4.13544;1.02165
-4.13672;1.01682
-4.13801;1.01199
-4.1393;1.00716
-4.14059;1.00233
-4.14188;0.997498
-4.14317;0.992668
-4.14446;0.987838
-4.14576;0.983008
-4.14705;0.978179
-4.14835;0.973349
-4.14964;0.96852
-4.15094;0.963692
-4.15224;0.958863
-4.15354;0.954035
-4.15484;0.949207
-4.15614;0.944379
-4.15744;0.939551
-4.15874;0.934723
-4.16004;0.929895
-4.16134;0.925067
-4.16264;0.920239
-4.16394;0.915411
-4.16524;0.910583
-4.16654;0.905755
-4.16784;0.900927
-4.16914;0.896099
-4.17044;0.891271
-4.17174;0.886443
-4.17304;0.881615
-4.17434;0.876787
-4.17564;0.871959
-4.17694;0.867131
-4.17824;0.862303
-4.17954;0.857474
-4.18084;0.852646
-4.18214;0.847818
-4.18343;0.842989
-4.18473;0.83816
-4.18603;0.833331
-4.18732;0.828502
-4.18862;0.823673
-4.18991;0.818843
-4.19121;0.814013
-4.1925;0.809183
-4.19379;0.804353
-4.19508;0.799522
-4.19637;0.794692
-4.19766;0.789861
-4.19895;0.78503
-4.20024;0.780198
-4.20152;0.775367
-4.20281;0.770535
-4.20409;0.765703
-4.20538;0.760871
-4.20666;0.756038
-4.20794;0.751204
-4.20921;0.746369
-4.21048;0.741533
-4.21175;0.736697
-4.21302;0.73186
-4.21428;0.727022
-4.21554;0.722183
-4.2168;0.717343
-4.21805;0.712503
-4.2193;0.707661
-4.22055;0.702819
-4.22179;0.697976
-4.22303;0.693133
-4.22427;0.688288
-4.2255;0.683443
-4.22673;0.678596
-4.22796;0.673749
-4.22918;0.668902
-4.2304;0.664053
-4.23162;0.659204
-4.23284;0.654354
-4.23406;0.649505
-4.23528;0.644656
-4.2365;0.639807
-4.23772;0.634958
-4.23894;0.63011
-4.24016;0.625261
-4.24138;0.620413
-4.2426;0.615564
-4.24383;0.610716
-4.24505;0.605868
-4.24627;0.60102
-4.2475;0.596172
-4.24872;0.591325
-4.24995;0.586477
-4.25117;0.58163
-4.2524;0.576782
-4.25363;0.571935
-4.25485;0.567088
-4.25608;0.562241
-4.25731;0.557394
-4.25854;0.552548
-4.25977;0.547702
-4.261;0.542856
-4.26224;0.53801
-4.26347;0.533165
-4.26471;0.52832
-4.26594;0.523476
-4.26718;0.518631
-4.26842;0.513787
-4.26966;0.508944
-4.2709;0.5041
-4.27215;0.499257
-4.27339;0.494415
-4.27464;0.489572
-4.27588;0.48473
-4.27713;0.479889
-4.27838;0.475047
-4.27963;0.470206
-4.28088;0.465365
-4.28213;0.460523
-4.28337;0.45568
-4.28461;0.450835
-4.28584;0.445989
-4.28707;0.441142
-4.28829;0.436294
-4.28951;0.431445
-4.29072;0.426594
-4.29193;0.421742
-4.29313;0.416889
-4.29433;0.412035
-4.29552;0.40718
-4.29671;0.402323
-4.2979;0.397465
-4.29908;0.392607
-4.30025;0.387746
-4.30142;0.382885
-4.30259;0.378023
-4.30375;0.373159
-4.3049;0.368295
-4.30605;0.363427
-4.30718;0.358557
-4.3083;0.353685
-4.30941;0.34881
-4.31051;0.343933
-4.3116;0.339053
-4.31268;0.334171
-4.31375;0.329286
-4.3148;0.324399
-4.31585;0.319509
-4.31688;0.314618
-4.31791;0.309723
-4.31892;0.304827
-4.31992;0.299928
-4.32091;0.295027
-4.32189;0.290124
-4.32286;0.285219
-4.32382;0.280312
-4.32476;0.275402
-4.3257;0.27049
-4.32662;0.265576
-4.32752;0.260658
-4.32841;0.255738
-4.32929;0.250815
-4.33015;0.245889
-4.33099;0.240961
-4.33182;0.23603
-4.33263;0.231097
-4.33343;0.226161
-4.33421;0.221223
-4.33498;0.216282
-4.33573;0.211339
-4.33647;0.206393
-4.33719;0.201446
-4.33789;0.196496
-4.33858;0.191544
-4.33926;0.186589
-4.33992;0.181633
-4.34056;0.176675
-4.34119;0.171715
-4.3418;0.166752
-4.3424;0.161787
-4.34297;0.156821
-4.34353;0.151852
-4.34406;0.146881
-4.34458;0.141908
-4.34509;0.136933
-4.34557;0.131957
-4.34604;0.126978
-4.34648;0.121999
-4.34691;0.117017
-4.34732;0.112034
-4.34772;0.10705
-4.34809;0.102064
-4.34845;0.0970764
-4.34879;0.0920879
-4.34911;0.0870982
-4.34941;0.0821073
-4.34969;0.0771154
-4.34997;0.0721232
-4.35024;0.0671307
-4.35051;0.0621379
-4.35078;0.0571449
-4.35104;0.0521517
-4.35129;0.0471582
-4.35154;0.0421645
-4.35179;0.0371705
-4.35203;0.0321763
-4.35227;0.0271819
-4.3525;0.0221873
-4.35272;0.0171924
-4.35295;0.0121974
-4.35316;0.0072021
-4.35338;0.00220663
-4.35358;-0.00278905
-4.35379;-0.00778492
-4.35398;-0.012781
-4.35418;-0.0177772
-4.35437;-0.0227736
-4.35455;-0.0277702
-4.35473;-0.032767
-4.35491;-0.0377638
-4.35509;-0.0427607
-4.35526;-0.0477577
-4.35543;-0.0527548
-4.3556;-0.057752
-4.35576;-0.0627493
-4.35592;-0.0677468
-4.35608;-0.0727443
-4.35624;-0.0777418
-4.35639;-0.0827395
-4.35654;-0.0877373
-4.35668;-0.0927351
-4.35683;-0.0977331
-4.35697;-0.102731
-4.35711;-0.107729
-4.35724;-0.112727
-4.35737;-0.117726
-4.3575;-0.122724
-4.35763;-0.127722
-4.35775;-0.132721
-4.35788;-0.137719
-4.358;-0.142718
-4.35812;-0.147716
-4.35824;-0.152715
-4.35835;-0.157714
-4.35847;-0.162712
-4.35858;-0.167711
-4.35869;-0.17271
-4.35879;-0.177709
-4.3589;-0.182708
-4.359;-0.187707
-4.3591;-0.192706
-4.3592;-0.197705
-4.3593;-0.202704
-4.3594;-0.207703
-4.35949;-0.212702
-4.35958;-0.217701
-4.35967;-0.2227
-4.35976;-0.227699
-4.35985;-0.232699
-4.35993;-0.237698
-4.36002;-0.242697
-4.3601;-0.247696
-4.36018;-0.252696
-4.36026;-0.257695
-4.36034;-0.262695
-4.36042;-0.267694
-4.36049;-0.272693
-4.36057;-0.277693
-4.36064;-0.282692
-4.36071;-0.287692
-4.36078;-0.292691
-4.36085;-0.297691
-4.36092;-0.30269
-4.36099;-0.30769
-4.36105;-0.312689
-4.36111;-0.317689
-4.36118;-0.322689
-4.36124;-0.327688
-4.3613;-0.332688
-4.36136;-0.337688
-4.36141;-0.342687
-4.36147;-0.347687
-4.36153;-0.352687
-4.36158;-0.357686
-4.36164;-0.362686
-4.36169;-0.367686
-4.36174;-0.372685
-4.36179;-0.377685
-4.36184;-0.382685
-4.36189;-0.387685
-4.36194;-0.392684
-4.36199;-0.397684
-4.36204;-0.402684
-4.36208;-0.407684
-4.36213;-0.412684
-4.36217;-0.417683
-4.36222;-0.422683
-4.36226;-0.427683
-4.3623;-0.432683
-4.36234;-0.437683
-4.36238;-0.442683
-4.36242;-0.447682
-4.36246;-0.452682
-4.3625;-0.457682
-4.36253;-0.462682
-4.36257;-0.467682
-4.36261;-0.472682
-4.36264;-0.477682
-4.36268;-0.482681
-4.36271;-0.487681
-4.36275;-0.492681
-4.36278;-0.497681
-4.36281;-0.502681
-4.36284;-0.507681
-4.36287;-0.512681
-4.36291;-0.517681
-4.36294;-0.522681
-4.36296;-0.52768
-4.36299;-0.53268
-4.36302;-0.53768
-4.36305;-0.54268
-4.36308;-0.54768
-4.3631;-0.55268
-4.36313;-0.55768
-4.36316;-0.56268
-4.36318;-0.56768
-4.36321;-0.57268
-4.36323;-0.57768
-4.36326;-0.58268
-4.36328;-0.58768
-4.3633;-0.59268
-4.36333;-0.59768
-4.36335;-0.60268
-4.36337;-0.607679
-4.36339;-0.612679
-4.36341;-0.617679
-4.36343;-0.622679
-4.36344;-0.625179
-4.36343;-0.627679
-4.36339;-0.630178
-4.36332;-0.632677
-4.36323;-0.635175
-4.36312;-0.637672
-4.36298;-0.640167
-4.36281;-0.642662
-4.36263;-0.645154
-4.36241;-0.647645
-4.36217;-0.650133
-4.36191;-0.652618
-4.36162;-0.655101
-4.3613;-0.657581
-4.36096;-0.660058
-4.3606;-0.662531
-4.36021;-0.665
-4.3598;-0.667465
-4.35936;-0.669926
-4.3589;-0.672383
-4.35793;-0.677287
-4.35697;-0.682194
-4.35602;-0.687103
-4.35508;-0.692015
-4.35416;-0.696929
-4.35324;-0.701845
-4.35234;-0.706763
-4.35146;-0.711684
-4.35058;-0.716607
-4.34972;-0.721532
-4.34887;-0.726459
-4.34803;-0.731388
-4.34721;-0.73632
-4.3464;-0.741253
-4.3456;-0.746189
-4.34481;-0.751126
-4.34403;-0.756066
-4.34327;-0.761007
-4.34252;-0.765951
-4.34178;-0.770896
-4.34106;-0.775843
-4.34034;-0.780792
-4.33964;-0.785742
-4.33895;-0.790694
-4.33827;-0.795648
-4.3376;-0.800603
-4.33695;-0.80556
-4.3363;-0.810518
-4.33567;-0.815478
-4.33505;-0.820439
-4.33444;-0.825402
-4.33384;-0.830366
-4.33326;-0.835332
-4.33268;-0.840299
-4.33212;-0.845267
-4.33157;-0.850236
-4.33103;-0.855207
-4.3305;-0.860179
-4.32999;-0.865152
-4.32948;-0.870127
-4.32899;-0.875103
-4.32851;-0.880079
-4.32803;-0.885056
-4.32756;-0.890034
-4.3271;-0.895013
-4.32665;-0.899992
-4.3262;-0.904973
-4.32577;-0.909953
-4.32534;-0.914935
-4.32492;-0.919917
-4.3245;-0.9249
-4.3241;-0.929884
-4.3237;-0.934868
-4.32331;-0.939853
-4.32293;-0.944838
-4.32256;-0.949825
-4.3222;-0.954811
-4.32184;-0.959798
-4.32149;-0.964786
-4.32115;-0.969775
-4.32098;-0.972269
-4.32079;-0.974761
-4.32058;-0.977251
-4.32034;-0.979739
-4.32007;-0.982225
-4.31978;-0.984708
-4.31946;-0.987187
-4.31912;-0.989664
-4.31876;-0.992136
-4.31837;-0.994606
-4.31795;-0.997071
-4.31752;-0.999531
-4.31705;-1.00199
-4.31656;-1.00444
-4.31605;-1.00689
-4.31551;-1.00933
-4.31495;-1.01176
-4.31437;-1.01419
-4.31376;-1.01662
-4.31312;-1.01903
-4.3118;-1.02386
-4.3105;-1.02868
-4.3092;-1.03351
-4.30792;-1.03835
-4.30664;-1.04318
-4.30538;-1.04802
-4.30413;-1.05286
-4.30288;-1.0577
-4.30165;-1.06255
-4.30043;-1.0674
-4.29922;-1.07225
-4.29802;-1.0771
-4.29683;-1.08196
-4.29565;-1.08682
-4.29448;-1.09168
-4.29332;-1.09654
-4.29218;-1.10141
-4.29104;-1.10628
-4.28991;-1.11115
-4.2888;-1.11602
-4.28769;-1.1209
-4.28659;-1.12578
-4.28549;-1.13065
-4.2844;-1.13553
-4.2833;-1.14041
-4.28221;-1.14529
-4.28112;-1.15017
-4.28004;-1.15505
-4.27895;-1.15993
-4.27787;-1.16481
-4.27679;-1.1697
-4.27572;-1.17458
-4.27464;-1.17946
-4.27357;-1.18435
-4.2725;-1.18923
-4.27144;-1.19412
-4.27037;-1.199
-4.26931;-1.20389
-4.26826;-1.20877
-4.2672;-1.21366
-4.26615;-1.21855
-4.26509;-1.22344
-4.26402;-1.22832
-4.26295;-1.23321
-4.26187;-1.23809
-4.26079;-1.24297
-4.2597;-1.24785
-4.2586;-1.25273
-4.2575;-1.2576
-4.25639;-1.26248
-4.25528;-1.26735
-4.25416;-1.27223
-4.25303;-1.2771
-4.2519;-1.28197
-4.25076;-1.28684
-4.24962;-1.2917
-4.24847;-1.29657
-4.24731;-1.30143
-4.24615;-1.3063
-4.24498;-1.31116
-4.24381;-1.31602
-4.24263;-1.32088
-4.24145;-1.32574
-4.24027;-1.3306
-4.23908;-1.33545
-4.23789;-1.34031
-4.23669;-1.34516
-4.23549;-1.35002
-4.23429;-1.35487
-4.23308;-1.35972
-4.23187;-1.36457
-4.23066;-1.36942
-4.22944;-1.37427
-4.22822;-1.37912
-4.22699;-1.38397
-4.22576;-1.38882
-4.22453;-1.39366
-4.22329;-1.3985
-4.22205;-1.40335
-4.2208;-1.40819
-4.21955;-1.41303
-4.21829;-1.41787
-4.21702;-1.42271
-4.21575;-1.42754
-4.21446;-1.43237
-4.21316;-1.4372
-4.21185;-1.44203
-4.21053;-1.44685
-4.2092;-1.45167
-4.20786;-1.45649
-4.20652;-1.4613
-4.20516;-1.46611
-4.20379;-1.47092
-4.20241;-1.47573
-4.20102;-1.48053
-4.19963;-1.48533
-4.19822;-1.49013
-4.1968;-1.49493
-4.19537;-1.49972
-4.19394;-1.50451
-4.19249;-1.50929
-4.19104;-1.51408
-4.18957;-1.51886
-4.1881;-1.52364
-4.18663;-1.52841
-4.18514;-1.53319
-4.18365;-1.53796
-4.18215;-1.54273
-4.18064;-1.5475
-4.17912;-1.55226
-4.17759;-1.55702
-4.17606;-1.56178
-4.17452;-1.56654
-4.17297;-1.57129
-4.17142;-1.57604
-4.16985;-1.58079
-4.16828;-1.58554
-4.1667;-1.59028
-4.16512;-1.59503
-4.16352;-1.59976
-4.16192;-1.6045
-4.16031;-1.60924
-4.1587;-1.61397
-4.15708;-1.6187
-4.15545;-1.62343
-4.15382;-1.62815
-4.15218;-1.63288
-4.15054;-1.6376
-4.14889;-1.64232
-4.14723;-1.64704
-4.14557;-1.65175
-4.1439;-1.65647
-4.14223;-1.66118
-4.14055;-1.66589
-4.13886;-1.67059
-4.13717;-1.6753
-4.13547;-1.68
-4.13377;-1.6847
-4.13206;-1.6894
-4.13035;-1.6941
-4.12949;-1.69645
-4.1286;-1.69878
-4.1277;-1.70111
-4.12677;-1.70343
-4.12581;-1.70574
-4.12484;-1.70805
-4.12384;-1.71034
-4.12282;-1.71262
-4.12177;-1.71489
-4.1207;-1.71715
-4.11961;-1.7194
-4.1185;-1.72164
-4.11736;-1.72386
-4.11621;-1.72608
-4.11503;-1.72828
-4.11383;-1.73047
-4.1126;-1.73265
-4.11136;-1.73482
-4.11009;-1.73698
-4.1088;-1.73912
-4.10618;-1.74338
-4.10358;-1.74765
-4.10099;-1.75193
-4.09842;-1.75621
-4.09587;-1.76051
-4.09333;-1.76482
-4.0908;-1.76913
-4.0883;-1.77346
-4.0858;-1.7778
-4.08333;-1.78214
-4.08087;-1.78649
-4.07843;-1.79086
-4.076;-1.79523
-4.07359;-1.79961
-4.0712;-1.804
-4.06882;-1.8084
-4.06646;-1.8128
-4.06411;-1.81722
-4.06178;-1.82164
-4.05947;-1.82608
-4.05717;-1.83052
-4.05489;-1.83497
-4.05263;-1.83942
-4.05038;-1.84389
-4.04814;-1.84836
-4.04592;-1.85284
-4.04371;-1.85733
-4.04152;-1.86182
-4.03935;-1.86632
-4.03719;-1.87083
-4.03504;-1.87535
-4.03291;-1.87987
-4.0308;-1.8844
-4.0287;-1.88894
-4.02661;-1.89349
-4.02454;-1.89804
-4.02249;-1.9026
-4.02045;-1.90716
-4.01843;-1.91174
-4.01642;-1.91631
-4.01543;-1.91861
-4.01441;-1.92089
-4.01337;-1.92316
-4.0123;-1.92542
-4.01121;-1.92768
-4.0101;-1.92992
-4.00897;-1.93214
-4.00782;-1.93436
-4.00664;-1.93657
-4.00545;-1.93876
-4.00422;-1.94094
-4.00298;-1.94311
-4.00172;-1.94527
-4.00043;-1.94741
-3.99913;-1.94954
-3.9978;-1.95166
-3.99645;-1.95377
-3.99508;-1.95586
-3.99369;-1.95794
-3.99228;-1.96
-3.98942;-1.9641
-3.98656;-1.9682
-3.98371;-1.97231
-3.98087;-1.97642
-3.97803;-1.98054
-3.97519;-1.98466
-3.97237;-1.98878
-3.96955;-1.99291
-3.96673;-1.99704
-3.96393;-2.00118
-3.96112;-2.00532
-3.95833;-2.00947
-3.95554;-2.01362
-3.95276;-2.01777
-3.94998;-2.02193
-3.94721;-2.02609
-3.94445;-2.03026
-3.94169;-2.03443
-3.93894;-2.0386
-3.93619;-2.04278
-3.93345;-2.04697
-3.93072;-2.05115
-3.92798;-2.05533
-3.92524;-2.05952
-3.9225;-2.0637
-3.91977;-2.06789
-3.91703;-2.07207
-3.9143;-2.07626
-3.91157;-2.08045
-3.90883;-2.08463
-3.9061;-2.08882
-3.90337;-2.09301
-3.90064;-2.0972
-3.89791;-2.10139
-3.89518;-2.10557
-3.89245;-2.10976
-3.88972;-2.11395
-3.88699;-2.11814
-3.88426;-2.12233
-3.88154;-2.12653
-3.87881;-2.13072
-3.87609;-2.13491
-3.87336;-2.1391
-3.87062;-2.14329
-3.86789;-2.14747
-3.86516;-2.15166
-3.86242;-2.15584
-3.85968;-2.16003
-3.85694;-2.16421
-3.8542;-2.16839
-3.85146;-2.17257
-3.84871;-2.17675
-3.84596;-2.18093
-3.84321;-2.1851
-3.84046;-2.18928
-3.83771;-2.19345
-3.83496;-2.19763
-3.8322;-2.2018
-3.82944;-2.20597
-3.82668;-2.21014
-3.8253;-2.21222
-3.8239;-2.21429
-3.82248;-2.21635
-3.82104;-2.21839
-3.81958;-2.22042
-3.81809;-2.22243
-3.81659;-2.22443
-3.81507;-2.22641
-3.81352;-2.22838
-3.81196;-2.23033
-3.81038;-2.23226
-3.80878;-2.23418
-3.80716;-2.23609
-3.80552;-2.23797
-3.80386;-2.23984
-3.80219;-2.2417
-3.80049;-2.24354
-3.79878;-2.24536
-3.79705;-2.24716
-3.7953;-2.24894
-3.79176;-2.25248
-3.78823;-2.25602
-3.78471;-2.25956
-3.78118;-2.26311
-3.77766;-2.26666
-3.77414;-2.27021
-3.77063;-2.27377
-3.76711;-2.27733
-3.76361;-2.28089
-3.7601;-2.28446
-3.7566;-2.28803
-3.7531;-2.2916
-3.7496;-2.29517
-3.74611;-2.29875
-3.74262;-2.30233
-3.73914;-2.30592
-3.73566;-2.30951
-3.73218;-2.3131
-3.7287;-2.31669
-3.72523;-2.32029
-3.72176;-2.32389
-3.7183;-2.3275
-3.71484;-2.33111
-3.71139;-2.33473
-3.70795;-2.33836
-3.70452;-2.34199
-3.70109;-2.34564
-3.69767;-2.34928
-3.69426;-2.35294
-3.69086;-2.3566
-3.68746;-2.36027
-3.68407;-2.36394
-3.68069;-2.36763
-3.67731;-2.37131
-3.67394;-2.37501
-3.67058;-2.37871
-3.66723;-2.38242
-3.66388;-2.38613
-3.66054;-2.38986
-3.65721;-2.39358
-3.65389;-2.39732
-3.65057;-2.40106
-3.64726;-2.40481
-3.64395;-2.40856
-3.64066;-2.41232
-3.63737;-2.41608
-3.63408;-2.41985
-3.6308;-2.42363
-3.62753;-2.42741
-3.62427;-2.4312
-3.62101;-2.43499
-3.61776;-2.43879
-3.61452;-2.4426
-3.61128;-2.44641
-3.60806;-2.45023
-3.60483;-2.45405
-3.60162;-2.45788
-3.59841;-2.46171
-3.59521;-2.46555
-3.59201;-2.4694
-3.59042;-2.47133
-3.58881;-2.47324
-3.58717;-2.47513
-3.58552;-2.47701
-3.58385;-2.47887
-3.58217;-2.48071
-3.58046;-2.48254
-3.57874;-2.48435
-3.57699;-2.48614
-3.57523;-2.48791
-3.57345;-2.48967
-3.57166;-2.49141
-3.56985;-2.49313
-3.56802;-2.49483
-3.56617;-2.49652
-3.56431;-2.49818
-3.56243;-2.49983
-3.56053;-2.50146
-3.55862;-2.50307
-3.55669;-2.50466
-3.5528;-2.5078
-3.54891;-2.51095
-3.54504;-2.5141
-3.54116;-2.51727
-3.5373;-2.52044
-3.53343;-2.52361
-3.52958;-2.52679
-3.52573;-2.52998
-3.52188;-2.53318
-3.51804;-2.53638
-3.51421;-2.53959
-3.51038;-2.54281
-3.50656;-2.54603
-3.50274;-2.54926
-3.49893;-2.5525
-3.49512;-2.55574
-3.49132;-2.55899
-3.48753;-2.56225
-3.48374;-2.56551
-3.47996;-2.56878
-3.47618;-2.57206
-3.47241;-2.57534
-3.46865;-2.57863
-3.46489;-2.58193
-3.46114;-2.58524
-3.45739;-2.58855
-3.45366;-2.59187
-3.44992;-2.5952
-3.4462;-2.59853
-3.44248;-2.60187
-3.43877;-2.60522
-3.43506;-2.60858
-3.43136;-2.61194
-3.42767;-2.61531
-3.42398;-2.61869
-3.4203;-2.62207
-3.41662;-2.62546
-3.41296;-2.62886
-3.4093;-2.63227
-3.40564;-2.63568
-3.402;-2.6391
-3.39835;-2.64253
-3.39472;-2.64596
-3.39109;-2.6494
-3.38746;-2.65284
-3.38384;-2.65629
-3.38023;-2.65974
-3.37662;-2.6632
-3.37301;-2.66667
-3.36941;-2.67014
-3.36582;-2.67362
-3.36224;-2.6771
-3.35865;-2.68059
-3.35508;-2.68408
-3.35151;-2.68759
-3.34794;-2.69109
-3.34438;-2.6946
-3.34083;-2.69812
-3.33728;-2.70164
-3.33374;-2.70517
-3.33197;-2.70694
-3.33019;-2.70869
-3.32838;-2.71042
-3.32656;-2.71213
-3.32473;-2.71383
-3.32287;-2.7155
-3.321;-2.71716
-3.31911;-2.7188
-3.31721;-2.72042
-3.31529;-2.72202
-3.31335;-2.7236
-3.3114;-2.72517
-3.30944;-2.72671
-3.30745;-2.72823
-3.30546;-2.72973
-3.30344;-2.73122
-3.30142;-2.73268
-3.29938;-2.73412
-3.29732;-2.73554
-3.29318;-2.73835
-3.28904;-2.74115
-3.2849;-2.74396
-3.28076;-2.74676
-3.27662;-2.74957
-3.27249;-2.75238
-3.26835;-2.75519
-3.26422;-2.758
-3.26008;-2.76081
-3.25595;-2.76362
-3.25182;-2.76644
-3.24768;-2.76925
-3.24355;-2.77207
-3.23942;-2.77489
-3.23529;-2.77771
-3.23117;-2.78053
-3.22704;-2.78335
-3.22291;-2.78617
-3.21878;-2.789
-3.21466;-2.79182
-3.21053;-2.79465
-3.20641;-2.79747
-3.20228;-2.8003
-3.19816;-2.80312
-3.19403;-2.80594
-3.1899;-2.80876
-3.18577;-2.81158
-3.18164;-2.8144
-3.17751;-2.81721
-3.17338;-2.82003
-3.16924;-2.82284
-3.16511;-2.82565
-3.16097;-2.82846
-3.15683;-2.83127
-3.15269;-2.83407
-3.14855;-2.83688
-3.14441;-2.83968
-3.14027;-2.84248
-3.13613;-2.84528
-3.13198;-2.84807
-3.12784;-2.85087
-3.12369;-2.85366
-3.11954;-2.85645
-3.11539;-2.85924
-3.11123;-2.86202
-3.10708;-2.8648
-3.10292;-2.86758
-3.09876;-2.87035
-3.0946;-2.87312
-3.09043;-2.87589
-3.08626;-2.87865
-3.0821;-2.88141
-3.07793;-2.88417
-3.07375;-2.88693
-3.06958;-2.88968
-3.0654;-2.89243
-3.06122;-2.89517
-3.05704;-2.89791
-3.05286;-2.90065
-3.04867;-2.90339
-3.04449;-2.90612
-3.0403;-2.90885
-3.03611;-2.91158
-3.03191;-2.9143
-3.02772;-2.91702
-3.02352;-2.91973
-3.01932;-2.92244
-3.01511;-2.92515
-3.01091;-2.92785
-3.0067;-2.93055
-3.00249;-2.93325
-2.99827;-2.93594
-2.99406;-2.93863
-2.98984;-2.94131
-2.98562;-2.94399
-2.98139;-2.94667
-2.97717;-2.94934
-2.97294;-2.95201
-2.96871;-2.95467
-2.96447;-2.95733
-2.96024;-2.95999
-2.956;-2.96264
-2.95176;-2.96529
-2.94751;-2.96792
-2.94325;-2.97055
-2.939;-2.97318
-2.93474;-2.97579
-2.93047;-2.9784
-2.9262;-2.981
-2.92192;-2.98359
-2.91764;-2.98618
-2.91336;-2.98875
-2.90907;-2.99132
-2.90478;-2.99389
-2.90048;-2.99644
-2.89618;-2.99899
-2.89187;-3.00153
-2.88756;-3.00406
-2.88324;-3.00659
-2.87892;-3.0091
-2.8746;-3.01161
-2.87027;-3.01411
-2.86594;-3.01661
-2.86161;-3.01911
-2.85728;-3.02161
-2.85294;-3.0241
-2.84861;-3.0266
-2.84427;-3.02909
-2.83994;-3.03158
-2.8356;-3.03407
-2.83126;-3.03655
-2.82692;-3.03903
-2.82258;-3.04152
-2.81824;-3.044
-2.8139;-3.04648
-2.80955;-3.04895
-2.80521;-3.05143
-2.80086;-3.0539
-2.79652;-3.05637
-2.79217;-3.05884
-2.78782;-3.06131
-2.78347;-3.06377
-2.77912;-3.06623
-2.77476;-3.06869
-2.7704;-3.07114
-2.76604;-3.07358
-2.76167;-3.07601
-2.7573;-3.07844
-2.75293;-3.08086
-2.74855;-3.08328
-2.74417;-3.08569
-2.73979;-3.0881
-2.7354;-3.0905
-2.73101;-3.09289
-2.72662;-3.09527
-2.72222;-3.09765
-2.71782;-3.10003
-2.71341;-3.1024
-2.70901;-3.10476
-2.7046;-3.10711
-2.70018;-3.10946
-2.69577;-3.11181
-2.69134;-3.11414
-2.68692;-3.11646
-2.68248;-3.11878
-2.67805;-3.12108
-2.6736;-3.12338
-2.66916;-3.12566
-2.66471;-3.12794
-2.66025;-3.1302
-2.65579;-3.13246
-2.65132;-3.1347
-2.64685;-3.13694
-2.64237;-3.13916
-2.63789;-3.14138
-2.6334;-3.14359
-2.62891;-3.14578
-2.62441;-3.14797
-2.61991;-3.15015
-2.6154;-3.15232
-2.61089;-3.15447
-2.60638;-3.15662
-2.60186;-3.15877
-2.59735;-3.16091
-2.59283;-3.16306
-2.58832;-3.16521
-2.5838;-3.16735
-2.57928;-3.1695
-2.57477;-3.17165
-2.57025;-3.17379
-2.56574;-3.17594
-2.56122;-3.17808
-2.5567;-3.18023
-2.55219;-3.18237
-2.54767;-3.18452
-2.54315;-3.18666
-2.53864;-3.18881
-2.53412;-3.19095
-2.5296;-3.1931
-2.52509;-3.19524
-2.52057;-3.19739
-2.51605;-3.19953
-2.51153;-3.20166
-2.507;-3.20378
-2.50248;-3.20591
-2.49794;-3.20802
-2.49341;-3.21013
-2.48888;-3.21223
-2.48434;-3.21433
-2.4798;-3.21642
-2.47525;-3.21851
-2.47071;-3.22059
-2.46616;-3.22267
-2.4616;-3.22474
-2.45705;-3.2268
-2.45249;-3.22886
-2.44793;-3.23091
-2.44337;-3.23295
-2.43881;-3.23499
-2.43424;-3.23703
-2.42967;-3.23906
-2.4251;-3.24108
-2.42052;-3.24309
-2.41594;-3.24509
-2.41135;-3.24707
-2.40675;-3.24905
-2.40215;-3.25101
-2.39755;-3.25296
-2.39294;-3.2549
-2.38833;-3.25682
-2.38371;-3.25874
-2.37908;-3.26064
-2.37445;-3.26253
-2.36982;-3.26441
-2.36518;-3.26627
-2.36054;-3.26812
-2.35589;-3.26996
-2.35123;-3.27179
-2.34657;-3.27361
-2.34191;-3.27541
-2.33724;-3.2772
-2.33257;-3.27898
-2.32789;-3.28075
-2.32322;-3.28252
-2.31853;-3.28427
-2.31385;-3.28603
-2.30917;-3.28777
-2.30448;-3.28951
-2.29979;-3.29124
-2.2951;-3.29297
-2.2904;-3.29469
-2.2857;-3.2964
-2.281;-3.29811
-2.2763;-3.29981
-2.2716;-3.3015
-2.26689;-3.30318
-2.26218;-3.30486
-2.25747;-3.30654
-2.25275;-3.3082
-2.24804;-3.30986
-2.24332;-3.31151
-2.23859;-3.31316
-2.23387;-3.31478
-2.22914;-3.3164
-2.2244;-3.31801
-2.21966;-3.3196
-2.21492;-3.32118
-2.21017;-3.32275
-2.20542;-3.32431
-2.20066;-3.32586
-2.19591;-3.32739
-2.19114;-3.32891
-2.18638;-3.33042
-2.18161;-3.33192
-2.17683;-3.33341
-2.17205;-3.33488
-2.16727;-3.33634
-2.16249;-3.3378
-2.1577;-3.33923
-2.15291;-3.34066
-2.14811;-3.34208
-2.14331;-3.34348
-2.13851;-3.34488
-2.13371;-3.34628
-2.12891;-3.34768
-2.12411;-3.34908
-2.11931;-3.35047
-2.11451;-3.35187
-2.10971;-3.35326
-2.10491;-3.35466
-2.1001;-3.35605
-2.0953;-3.35744
-2.0905;-3.35883
-2.08569;-3.36022
-2.08089;-3.3616
-2.07609;-3.36299
-2.07128;-3.36437
-2.06648;-3.36576
-2.06167;-3.36714
-2.05687;-3.36852
-2.05206;-3.3699
-2.04725;-3.37128
-2.04245;-3.37266
-2.03764;-3.37404
-2.03284;-3.37542
-2.02803;-3.3768
-2.02323;-3.37818
-2.01842;-3.37956
-2.01362;-3.38094
-2.00881;-3.38233
-2.00401;-3.38371
-1.9992;-3.3851
-1.9944;-3.38649
-1.98959;-3.38787
-1.98479;-3.38926
-1.97999;-3.39065
-1.97518;-3.39204
-1.97038;-3.39343
-1.96558;-3.39482
-1.96078;-3.39621
-1.95597;-3.3976
-1.95117;-3.39899
-1.94637;-3.40038
-1.94157;-3.40178
-1.93677;-3.40318
-1.93197;-3.40458
-1.92717;-3.40598
-1.92237;-3.40738
-1.91757;-3.40878
-1.91277;-3.41019
-1.90797;-3.41159
-1.90317;-3.413
-1.89838;-3.41441
-1.89358;-3.41582
-1.88878;-3.41723
-1.88399;-3.41865
-1.87919;-3.42006
-1.8744;-3.42148
-1.8696;-3.4229
-1.86481;-3.42432
-1.86002;-3.42574
-1.85522;-3.42717
-1.85043;-3.42858
-1.84563;-3.42999
-1.84083;-3.4314
-1.83603;-3.4328
-1.83123;-3.43419
-1.82643;-3.43557
-1.82162;-3.43695
-1.81681;-3.43833
-1.812;-3.43969
-1.80719;-3.44105
-1.80238;-3.44241
-1.79756;-3.44376
-1.79275;-3.4451
-1.78793;-3.44643
-1.78311;-3.44776
-1.77829;-3.44909
-1.77346;-3.4504
-1.76864;-3.45171
-1.76381;-3.45302
-1.75898;-3.45431
-1.75415;-3.4556
-1.74932;-3.45687
-1.74448;-3.45814
-1.73964;-3.45939
-1.73479;-3.46063
-1.72995;-3.46186
-1.7251;-3.46308
-1.72025;-3.46429
-1.71539;-3.46549
-1.71053;-3.46667
-1.70567;-3.46785
-1.70081;-3.46901
-1.69595;-3.47016
-1.69108;-3.4713
-1.68621;-3.47243
-1.68133;-3.47355
-1.67646;-3.47465
-1.67158;-3.47575
-1.6667;-3.47683
-1.66181;-3.47791
-1.65693;-3.47897
-1.65204;-3.48002
-1.64715;-3.48107
-1.64226;-3.4821
-1.63737;-3.48313
-1.63247;-3.48415
-1.62757;-3.48515
-1.62267;-3.48615
-1.61777;-3.48714
-1.61287;-3.48812
-1.60796;-3.48909
-1.60306;-3.49005
-1.59815;-3.491
-1.59324;-3.49194
-1.58832;-3.49287
-1.58341;-3.49379
-1.57849;-3.4947
-1.57358;-3.49561
-1.56866;-3.4965
-1.56374;-3.49738
-1.55882;-3.49827
-1.5539;-3.49917
-1.54898;-3.50008
-1.54406;-3.50099
-1.53915;-3.50192
-1.53424;-3.50285
-1.52933;-3.50379
-1.52442;-3.50473
-1.51951;-3.50568
-1.5146;-3.50664
-1.5097;-3.50761
-1.50479;-3.50859
-1.49989;-3.50957
-1.49499;-3.51057
-1.49009;-3.51156
-1.48519;-3.51257
-1.4803;-3.51359
-1.4754;-3.51461
-1.47051;-3.51564
-1.46562;-3.51668
-1.46073;-3.51772
-1.45584;-3.51877
-1.45095;-3.51983
-1.44607;-3.52089
-1.44118;-3.52196
-1.4363;-3.52304
-1.43142;-3.52412
-1.42654;-3.52522
-1.42166;-3.52631
-1.41679;-3.52742
-1.41191;-3.52853
-1.40704;-3.52964
-1.40217;-3.53077
-1.39729;-3.5319
-1.39243;-3.53303
-1.38756;-3.53418
-1.38269;-3.53532
-1.37783;-3.53648
-1.37296;-3.53764
-1.3681;-3.53881
-1.36324;-3.53998
-1.35838;-3.54116
-1.35352;-3.54235
-1.34867;-3.54353
-1.34381;-3.54473
-1.33896;-3.54593
-1.33411;-3.54713
-1.32925;-3.54834
-1.3244;-3.54955
-1.31955;-3.55077
-1.31471;-3.55199
-1.30986;-3.55322
-1.30501;-3.55446
-1.30017;-3.5557
-1.29533;-3.55694
-1.29049;-3.55819
-1.28565;-3.55945
-1.28081;-3.56071
-1.27597;-3.56197
-1.27113;-3.56324
-1.2663;-3.56451
-1.26146;-3.56579
-1.25663;-3.56706
-1.2518;-3.56834
-1.24696;-3.56963
-1.24213;-3.57091
-1.2373;-3.5722
-1.23247;-3.57349
-1.22764;-3.57478
-1.22281;-3.57608
-1.21798;-3.57738
-1.21315;-3.57868
-1.20833;-3.57998
-1.2035;-3.58128
-1.19867;-3.58259
-1.19385;-3.5839
-1.18902;-3.58522
-1.1842;-3.58653
-1.17938;-3.58785
-1.17456;-3.58917
-1.16973;-3.59049
-1.16491;-3.59182
-1.16009;-3.59315
-1.15527;-3.59448
-1.15045;-3.59581
-1.14564;-3.59715
-1.14082;-3.59848
-1.136;-3.59982
-1.13118;-3.60117
-1.12637;-3.60251
-1.12155;-3.60386
-1.11674;-3.60521
-1.11193;-3.60656
-1.10711;-3.60792
-1.1023;-3.60928
-1.09749;-3.61064
-1.09268;-3.612
-1.08787;-3.61336
-1.08306;-3.61473
-1.07825;-3.61609
-1.07344;-3.61745
-1.06862;-3.6188
-1.06381;-3.62014
-1.05899;-3.62148
-1.05417;-3.62282
-1.04935;-3.62414
-1.04453;-3.62546
-1.0397;-3.62678
-1.03488;-3.62809
-1.03005;-3.6294
-1.02522;-3.63069
-1.02039;-3.63199
-1.01556;-3.63328
-1.01073;-3.63456
-1.00589;-3.63583
-1.00106;-3.6371
-0.996221;-3.63837
-0.991382;-3.63963
-0.986541;-3.64088
-0.981699;-3.64213
-0.976856;-3.64337
-0.972012;-3.64461
-0.967166;-3.64584
-0.96232;-3.64707
-0.957472;-3.64829
-0.952622;-3.64951
-0.947772;-3.65073
-0.94292;-3.65193
-0.938068;-3.65314
-0.933214;-3.65434
-0.928358;-3.65553
-0.923502;-3.65672
-0.918645;-3.65791
-0.913786;-3.65909
-0.908926;-3.66026
-0.904065;-3.66144
-0.899203;-3.6626
-0.89434;-3.66376
-0.889475;-3.66492
-0.887043;-3.66549
-0.884605;-3.66605
-0.882161;-3.66657
-0.879713;-3.66708
-0.877259;-3.66755
-0.874801;-3.66801
-0.872338;-3.66844
-0.869872;-3.66884
-0.867401;-3.66922
-0.864927;-3.66957
-0.862449;-3.6699
-0.859968;-3.67021
-0.857484;-3.67049
-0.854997;-3.67075
-0.852508;-3.67098
-0.850017;-3.67118
-0.847524;-3.67136
-0.845029;-3.67152
-0.842533;-3.67165
-0.840036;-3.67176
-0.835038;-3.67192
-0.830041;-3.67209
-0.825045;-3.67227
-0.820048;-3.67246
-0.815053;-3.67267
-0.810057;-3.67288
-0.805062;-3.6731
-0.800067;-3.67333
-0.795073;-3.67357
-0.790079;-3.67382
-0.785086;-3.67408
-0.780094;-3.67435
-0.775102;-3.67464
-0.77011;-3.67493
-0.765119;-3.67523
-0.760129;-3.67554
-0.755139;-3.67586
-0.75015;-3.67619
-0.745162;-3.67653
-0.740174;-3.67688
-0.735187;-3.67724
-0.730201;-3.67761
-0.725215;-3.67799
-0.72023;-3.67838
-0.715246;-3.67878
-0.710263;-3.67919
-0.70528;-3.67961
-0.700299;-3.68003
-0.695318;-3.68047
-0.690338;-3.68092
-0.685359;-3.68138
-0.680381;-3.68184
-0.675404;-3.68232
-0.670427;-3.6828
-0.665452;-3.6833
-0.660478;-3.6838
-0.655504;-3.68432
-0.650532;-3.68484
-0.64556;-3.68538
-0.64059;-3.68592
-0.635621;-3.68648
-0.630652;-3.68704
-0.625684;-3.6876
-0.620718;-3.68818
-0.615751;-3.68876
-0.610786;-3.68935
-0.605821;-3.68994
-0.600858;-3.69054
-0.595895;-3.69115
-0.590933;-3.69176
-0.585971;-3.69238
-0.581011;-3.69301
-0.576052;-3.69365
-0.571093;-3.69429
-0.566135;-3.69494
-0.561178;-3.69559
-0.556222;-3.69625
-0.551267;-3.69692
-0.546313;-3.6976
-0.54136;-3.69828
-0.538884;-3.69863
-0.536405;-3.69895
-0.533923;-3.69924
-0.531438;-3.69951
-0.52895;-3.69976
-0.52646;-3.69998
-0.523968;-3.70017
-0.521474;-3.70034
-0.518979;-3.70049
-0.516482;-3.70061
-0.513984;-3.7007
-0.511486;-3.70077
-0.508986;-3.70082
-0.506487;-3.70084
-0.503987;-3.70084
-0.501488;-3.70081
-0.498989;-3.70075
-0.49649;-3.70067
-0.493993;-3.70057
-0.491496;-3.70044
-0.486506;-3.70013
-0.481515;-3.69982
-0.476525;-3.69952
-0.471534;-3.69922
-0.466543;-3.69892
-0.461551;-3.69862
-0.45656;-3.69833
-0.451569;-3.69804
-0.446577;-3.69775
-0.441585;-3.69746
-0.436593;-3.69718
-0.431601;-3.6969
-0.426609;-3.69662
-0.421617;-3.69634
-0.416624;-3.69606
-0.411632;-3.69579
-0.406639;-3.69552
-0.401646;-3.69525
-0.396653;-3.69499
-0.39166;-3.69473
-0.386667;-3.69447
-0.381673;-3.69421
-0.37668;-3.69396
-0.371686;-3.69371
-0.366692;-3.69347
-0.361698;-3.69323
-0.356703;-3.69299
-0.351709;-3.69276
-0.346714;-3.69253
-0.341719;-3.69231
-0.336724;-3.69209
-0.331728;-3.69187
-0.326733;-3.69166
-0.321737;-3.69146
-0.316741;-3.69125
-0.311745;-3.69106
-0.306749;-3.69086
-0.301752;-3.69067
-0.296756;-3.69048
-0.291759;-3.6903
-0.286762;-3.69012
-0.281766;-3.68995
-0.276769;-3.68977
-0.271771;-3.6896
-0.266774;-3.68943
-0.261777;-3.68927
-0.25678;-3.68911
-0.251782;-3.68895
-0.246785;-3.68879
-0.241787;-3.68864
-0.236789;-3.68849
-0.231791;-3.68834
-0.226793;-3.6882
-0.221795;-3.68806
-0.216797;-3.68792
-0.211799;-3.68778
-0.206801;-3.68765
-0.201803;-3.68752
-0.196804;-3.6874
-0.191806;-3.68727
-0.186807;-3.68715
-0.181809;-3.68703
-0.17681;-3.68692
-0.171811;-3.6868
-0.166813;-3.68669
-0.161814;-3.68658
-0.156815;-3.68647
-0.151816;-3.68636
-0.146817;-3.68626
-0.141818;-3.68615
-0.136819;-3.68605
-0.13182;-3.68595
-0.126821;-3.68586
-0.121822;-3.68576
-0.116823;-3.68567
-0.111824;-3.68558
-0.106825;-3.68549
-0.101825;-3.6854
-0.0968261;-3.68532
-0.0918268;-3.68523
-0.0893275;-3.68519
-0.0868287;-3.68513
-0.0843307;-3.68504
-0.0818337;-3.68492
-0.079338;-3.68478
-0.0768438;-3.68462
-0.0743514;-3.68443
-0.071861;-3.68421
-0.0693729;-3.68397
-0.0668873;-3.68371
-0.0644045;-3.68342
-0.0619248;-3.6831
-0.0594482;-3.68276
-0.0569753;-3.6824
-0.054506;-3.68201
-0.0520408;-3.6816
-0.0495799;-3.68116
-0.0471234;-3.68069
-0.0446717;-3.68021
-0.042225;-3.6797
-0.0373415;-3.67862
-0.0324547;-3.67756
-0.0275647;-3.67652
-0.0226715;-3.67549
-0.0177752;-3.67448
-0.0128759;-3.67348
-0.00797358;-3.6725
-0.00306826;-3.67153
0.00183998;-3.67058
0.0067511;-3.66964
0.0116651;-3.66872
0.0165818;-3.66781
0.0215013;-3.66691
0.0264235;-3.66604
0.0313483;-3.66517
0.0362758;-3.66432
0.0412058;-3.66349
0.0461383;-3.66267
0.0510733;-3.66187
0.0560108;-3.66108
0.0609506;-3.66031
0.0658925;-3.65955
0.0708364;-3.6588
0.0757823;-3.65807
0.0807301;-3.65735
0.0856799;-3.65664
0.0906316;-3.65595
0.0955851;-3.65527
0.10054;-3.6546
0.105498;-3.65395
0.110456;-3.65331
0.115417;-3.65268
0.120379;-3.65207
0.125343;-3.65147
0.130308;-3.65088
0.135275;-3.65031
0.140244;-3.64975
0.145214;-3.6492
0.150186;-3.64867
0.155158;-3.64815
0.157645;-3.6479
0.160129;-3.64762
0.162611;-3.64732
0.165089;-3.64699
0.167564;-3.64664
0.170035;-3.64626
0.172502;-3.64586
0.174965;-3.64543
0.177423;-3.64498
0.179878;-3.6445
0.182327;-3.644
0.184771;-3.64348
0.187209;-3.64293
0.189642;-3.64236
0.19207;-3.64176
0.194491;-3.64114
0.196905;-3.64049
0.199313;-3.63982
0.201715;-3.63913
0.204109;-3.63841
0.208884;-3.63692
0.213663;-3.63546
0.218447;-3.634
0.223235;-3.63256
0.228028;-3.63114
0.232826;-3.62973
0.237627;-3.62834
0.242434;-3.62696
0.247244;-3.62559
0.252059;-3.62425
0.256878;-3.62291
0.261701;-3.6216
0.266528;-3.62029
0.27136;-3.61901
0.276195;-3.61773
0.281035;-3.61648
0.285878;-3.61524
0.290725;-3.61401
0.295577;-3.6128
0.300431;-3.6116
0.30529;-3.61042
0.310152;-3.60926
0.315017;-3.6081
0.319886;-3.60696
0.324757;-3.60584
0.329632;-3.60473
0.33451;-3.60363
0.339391;-3.60254
0.344275;-3.60147
0.349162;-3.60041
0.354052;-3.59937
0.358944;-3.59834
0.36384;-3.59733
0.368738;-3.59632
0.37364;-3.59533
0.378544;-3.59436
0.38345;-3.5934
0.38836;-3.59245
0.393272;-3.59152
0.398186;-3.5906
0.400645;-3.59014
0.403098;-3.58967
0.405547;-3.58916
0.407991;-3.58864
0.410429;-3.58809
0.412861;-3.58751
0.415288;-3.58691
0.417708;-3.58629
0.420123;-3.58564
0.42253;-3.58497
0.424931;-3.58427
0.427325;-3.58355
0.429711;-3.58281
0.43209;-3.58204
0.434461;-3.58125
0.436824;-3.58043
0.439179;-3.57959
0.441525;-3.57873
0.443862;-3.57785
0.446191;-3.57694
0.45083;-3.57507
0.455469;-3.57321
0.460109;-3.57134
0.464749;-3.56948
0.469389;-3.56762
0.474029;-3.56576
0.47867;-3.56389
0.48331;-3.56203
0.487951;-3.56017
0.492592;-3.55831
0.497234;-3.55645
0.501875;-3.55459
0.506517;-3.55274
0.511159;-3.55088
0.515802;-3.54902
0.520444;-3.54716
0.525087;-3.54531
0.52973;-3.54345
0.534373;-3.5416
0.539016;-3.53974
0.541338;-3.53882
0.54365;-3.53787
0.545953;-3.53689
0.548245;-3.5359
0.550528;-3.53488
0.5528;-3.53384
0.555062;-3.53277
0.557313;-3.53169
0.559553;-3.53058
0.561782;-3.52945
0.563999;-3.52829
0.566205;-3.52712
0.568399;-3.52592
0.57058;-3.5247
0.57275;-3.52346
0.574907;-3.52219
0.577051;-3.52091
0.579182;-3.5196
0.5813;-3.51827
0.583405;-3.51693
0.587588;-3.51419
0.591772;-3.51145
0.595959;-3.50872
0.600147;-3.50598
0.604336;-3.50326
0.608528;-3.50053
0.612721;-3.49781
0.616916;-3.49509
0.621113;-3.49237
0.625311;-3.48965
0.629511;-3.48694
0.633713;-3.48423
0.637917;-3.48152
0.642122;-3.47882
0.646329;-3.47612
0.650538;-3.47342
0.654748;-3.47072
0.658961;-3.46803
0.663174;-3.46533
0.66739;-3.46265
0.671608;-3.45996
0.675821;-3.45727
0.680031;-3.45457
0.684238;-3.45187
0.688441;-3.44916
0.69264;-3.44645
0.696835;-3.44373
0.701027;-3.441
0.705215;-3.43827
0.7094;-3.43553
0.71358;-3.43279
0.717757;-3.43004
0.721931;-3.42729
0.7261;-3.42453
0.730266;-3.42176
0.734428;-3.41899
0.738587;-3.41622
0.742741;-3.41343
0.746892;-3.41065
0.75104;-3.40785
0.755183;-3.40506
0.759324;-3.40225
0.763464;-3.39945
0.767601;-3.39664
0.771737;-3.39383
0.775871;-3.39102
0.780003;-3.3882
0.784133;-3.38539
0.788261;-3.38256
0.792387;-3.37974
0.796511;-3.37691
0.800633;-3.37408
0.804753;-3.37125
0.808872;-3.36842
0.812988;-3.36558
0.817102;-3.36274
0.821215;-3.35989
0.825325;-3.35705
0.829434;-3.3542
0.83354;-3.35134
0.837645;-3.34849
0.84175;-3.34563
0.845854;-3.34278
0.849959;-3.33992
0.854063;-3.33707
0.858167;-3.33421
0.862272;-3.33136
0.866376;-3.3285
0.87048;-3.32564
0.874584;-3.32279
0.878688;-3.31993
0.882792;-3.31708
0.886896;-3.31422
0.891;-3.31136
0.895104;-3.30851
0.899208;-3.30565
0.903311;-3.30279
0.907415;-3.29994
0.911519;-3.29708
0.915622;-3.29422
0.919726;-3.29137
0.92383;-3.28851
0.927935;-3.28566
0.932041;-3.2828
0.936147;-3.27995
0.940255;-3.2771
0.944363;-3.27425
0.948472;-3.2714
0.952581;-3.26855
0.956692;-3.26571
0.960803;-3.26286
0.964915;-3.26002
0.969027;-3.25717
0.973141;-3.25433
0.977255;-3.25149
0.98137;-3.24865
0.985486;-3.24581
0.989602;-3.24297
0.99372;-3.24013
0.997838;-3.2373
1.00196;-3.23446
1.00608;-3.23163
1.0102;-3.2288
1.01432;-3.22597
1.01844;-3.22314
1.02256;-3.22031
1.02669;-3.21748
1.03081;-3.21466
1.03494;-3.21183
1.03907;-3.20901
1.04319;-3.20619
1.04732;-3.20337
1.05145;-3.20055
1.05558;-3.19773
1.05971;-3.19492
1.06385;-3.1921
1.06798;-3.18929
1.07211;-3.18647
1.07625;-3.18366
1.08038;-3.18085
1.08452;-3.17804
1.08866;-3.17524
1.0928;-3.17243
1.09694;-3.16963
1.10108;-3.16682
1.10522;-3.16402
1.10936;-3.16122
1.1135;-3.15842
1.11764;-3.15562
1.12179;-3.15282
1.12593;-3.15002
1.13007;-3.14722
1.13422;-3.14443
1.13837;-3.14164
1.14252;-3.13884
1.14666;-3.13605
1.15081;-3.13326
1.15496;-3.13047
1.15911;-3.12769
1.16326;-3.1249
1.16742;-3.12212
1.17158;-3.11934
1.17574;-3.11658
1.17991;-3.11381
1.18408;-3.11106
1.18826;-3.10831
1.19244;-3.10556
1.19662;-3.10283
1.20081;-3.1001
1.205;-3.09737
1.2092;-3.09465
1.2134;-3.09194
1.21761;-3.08924
1.22182;-3.08654
1.22603;-3.08384
1.23024;-3.08116
1.23447;-3.07848
1.23869;-3.0758
1.24292;-3.07313
1.24715;-3.07047
1.25139;-3.06782
1.25563;-3.06516
1.25987;-3.06251
1.26411;-3.05987
1.26835;-3.05723
1.2726;-3.05459
1.27685;-3.05196
1.28111;-3.04933
1.28536;-3.0467
1.28962;-3.04408
1.29388;-3.04147
1.29814;-3.03886
1.30241;-3.03625
1.30668;-3.03364
1.31095;-3.03104
1.31522;-3.02845
1.3195;-3.02586
1.32378;-3.02327
1.32806;-3.02069
1.33234;-3.01811
1.33663;-3.01553
1.34092;-3.01296
1.3452;-3.01039
1.34949;-3.00781
1.35378;-3.00524
1.35807;-3.00267
1.36236;-3.00011
1.36665;-2.99754
1.37094;-2.99497
1.37523;-2.99241
1.37953;-2.98984
1.38382;-2.98728
1.38811;-2.98472
1.39241;-2.98216
1.3967;-2.9796
1.401;-2.97704
1.4053;-2.97448
1.40959;-2.97193
1.41389;-2.96937
1.41819;-2.96682
1.42249;-2.96427
1.42679;-2.96172
1.43109;-2.95917
1.4354;-2.95663
1.4397;-2.95408
1.44401;-2.95154
1.44832;-2.94901
1.45263;-2.94647
1.45694;-2.94394
1.46125;-2.9414
1.46556;-2.93887
1.46987;-2.93635
1.47419;-2.93382
1.47851;-2.9313
1.48283;-2.92878
1.48714;-2.92626
1.49147;-2.92374
1.49579;-2.92123
1.50011;-2.91872
1.50444;-2.91621
1.50876;-2.9137
1.51308;-2.91118
1.51739;-2.90865
1.5217;-2.90611
1.52599;-2.90355
1.53028;-2.90098
1.53457;-2.8984
1.53884;-2.89581
1.54311;-2.8932
1.54737;-2.89059
1.55162;-2.88796
1.55587;-2.88532
1.56011;-2.88266
1.56434;-2.88
1.56856;-2.87732
1.57277;-2.87463
1.57698;-2.87193
1.58118;-2.86922
1.58537;-2.86649
1.58956;-2.86375
1.59373;-2.86101
1.5979;-2.85824
1.60206;-2.85547
1.60621;-2.85268
1.61035;-2.84987
1.61448;-2.84705
1.6186;-2.84422
1.62271;-2.84138
1.62681;-2.83852
1.6309;-2.83564
1.63498;-2.83275
1.63906;-2.82985
1.64312;-2.82694
1.64717;-2.82401
1.65122;-2.82107
1.65525;-2.81811
1.65927;-2.81514
1.66328;-2.81216
1.66729;-2.80917
1.67128;-2.80616
1.67526;-2.80313
1.67923;-2.80009
1.68318;-2.79703
1.68712;-2.79395
1.69105;-2.79086
1.69497;-2.78775
1.69887;-2.78462
1.70276;-2.78148
1.70663;-2.77832
1.7105;-2.77514
1.71434;-2.77195
1.71818;-2.76874
1.722;-2.76552
1.72581;-2.76228
1.7296;-2.75902
1.73338;-2.75575
1.73715;-2.75246
1.7409;-2.74916
1.74464;-2.74584
1.74836;-2.7425
1.75207;-2.73915
1.75576;-2.73577
1.75943;-2.73237
1.76307;-2.72894
1.76668;-2.72549
1.77027;-2.72201
1.77384;-2.71851
1.77739;-2.71498
1.78091;-2.71143
1.7844;-2.70786
1.78787;-2.70426
1.79132;-2.70063
1.79474;-2.69699
1.79813;-2.69332
1.8015;-2.68962
1.80484;-2.68591
1.80816;-2.68217
1.81145;-2.6784
1.81472;-2.67462
1.81796;-2.67081
1.82117;-2.66698
1.82438;-2.66314
1.82757;-2.65929
1.83076;-2.65544
1.83393;-2.65158
1.8371;-2.64771
1.84026;-2.64383
1.8434;-2.63995
1.84654;-2.63605
1.84967;-2.63215
1.85279;-2.62824
1.8559;-2.62433
1.85899;-2.6204
1.86208;-2.61647
1.86516;-2.61253
1.86823;-2.60859
1.87129;-2.60463
1.87434;-2.60067
1.87738;-2.5967
1.88042;-2.59272
1.88344;-2.58874
1.88644;-2.58474
1.88942;-2.58073
1.89238;-2.5767
1.89532;-2.57266
1.89824;-2.5686
1.90115;-2.56453
1.90403;-2.56044
1.90689;-2.55634
1.90973;-2.55223
1.91255;-2.5481
1.91536;-2.54396
1.91814;-2.5398
1.9209;-2.53563
1.92364;-2.53145
1.92635;-2.52726
1.92905;-2.52305
1.93173;-2.51882
1.93439;-2.51459
1.93702;-2.51034
1.93964;-2.50608
1.9423;-2.50184
1.945;-2.49764
1.94774;-2.49345
1.95052;-2.4893
1.95335;-2.48518
1.95621;-2.48108
1.95912;-2.47701
1.96206;-2.47297
1.96505;-2.46896
1.96808;-2.46498
1.97115;-2.46104
1.97425;-2.45712
1.9774;-2.45323
1.98058;-2.44938
1.9838;-2.44555
1.98706;-2.44176
1.99036;-2.43801
1.9937;-2.43428
1.99707;-2.43059
2.00048;-2.42693
2.00393;-2.42331
2.00741;-2.41972
2.01093;-2.41617
2.01448;-2.41265
2.01807;-2.40917
2.02169;-2.40573
2.02535;-2.40232
2.02904;-2.39894
2.03276;-2.39561
2.03652;-2.39231
2.04031;-2.38905
2.04413;-2.38583
2.04799;-2.38264
2.05187;-2.3795
2.05579;-2.37639
2.05974;-2.37332
2.06372;-2.3703
2.06773;-2.36731
2.07176;-2.36436
2.07583;-2.36146
2.07993;-2.35859
2.08405;-2.35577
2.08821;-2.35298
2.09239;-2.35024
2.0966;-2.34754
2.10083;-2.34488
2.10509;-2.34227
2.10938;-2.3397
2.11369;-2.33717
2.11803;-2.33468
2.12239;-2.33224
2.12678;-2.32984
2.13119;-2.32749
2.13563;-2.32517
2.14008;-2.32291
2.14456;-2.32069
2.14906;-2.31851
2.15358;-2.31638
2.15813;-2.31429
2.16269;-2.31225
2.16726;-2.31023
2.17184;-2.30822
2.17643;-2.30623
2.18102;-2.30425
2.18562;-2.30229
2.19023;-2.30035
2.19484;-2.29842
2.19946;-2.29651
2.20409;-2.29462
2.20873;-2.29274
2.21337;-2.29088
2.21801;-2.28904
2.22267;-2.28721
2.22733;-2.2854
2.23199;-2.2836
2.23667;-2.28182
2.24134;-2.28006
2.24603;-2.27831
2.25072;-2.27658
2.25542;-2.27487
2.26012;-2.27318
2.26483;-2.27151
2.26955;-2.26985
2.27428;-2.26822
2.27901;-2.2666
2.28375;-2.26501
2.2885;-2.26343
2.29325;-2.26188
2.29801;-2.26034
2.30277;-2.25883
2.30754;-2.25733
2.31232;-2.25586
2.3171;-2.2544
2.32189;-2.25297
2.32669;-2.25155
2.33149;-2.25015
2.33629;-2.24878
2.34111;-2.24742
2.34593;-2.24609
2.35075;-2.24477
2.35558;-2.24347
2.36041;-2.24218
2.36524;-2.2409
2.37008;-2.23963
2.37492;-2.23838
2.37976;-2.23713
2.38461;-2.2359
2.38946;-2.23469
2.39431;-2.23348
2.39916;-2.23229
2.40402;-2.23111
2.40888;-2.22994
2.41375;-2.22878
2.41862;-2.22764
2.42349;-2.22651
2.42836;-2.22539
2.43324;-2.22428
2.43811;-2.22319
2.443;-2.22211
2.44788;-2.22104
2.45278;-2.22006
2.4577;-2.21917
2.46263;-2.21837
2.46758;-2.21765
2.47254;-2.21703
2.47751;-2.2165
2.48249;-2.21606
2.48748;-2.21571
2.49247;-2.21545
2.49747;-2.21528
2.50247;-2.21521
2.50746;-2.21522
2.51246;-2.21532
2.51746;-2.21552
2.52245;-2.2158
2.52743;-2.21618
2.53241;-2.21665
2.53738;-2.21721
2.54233;-2.21785
2.54728;-2.21859
2.55224;-2.21923
2.55721;-2.21975
2.56219;-2.22018
2.56717;-2.2205
2.57217;-2.22071
2.57717;-2.22082
2.58216;-2.22083
2.58716;-2.22073
2.59216;-2.22052
2.59714;-2.22021
2.60213;-2.21979
2.6071;-2.21927
2.61206;-2.21865
2.617;-2.21792
2.62193;-2.21709
2.62684;-2.21615
2.63173;-2.21511
2.6366;-2.21397
2.64144;-2.21272
2.64629;-2.21152
2.65116;-2.21038
2.65604;-2.20928
2.66092;-2.20823
2.66582;-2.20723
2.67073;-2.20627
2.67565;-2.20537
2.68057;-2.20452
2.68551;-2.20371
2.69045;-2.20296
2.6954;-2.20225
2.70036;-2.20159
2.70532;-2.20099
2.71029;-2.20043
2.71526;-2.19992
2.72024;-2.19947
2.72522;-2.19906
2.73021;-2.1987
2.7352;-2.19839
2.74019;-2.19813
2.74519;-2.19793
2.75018;-2.19777
2.75518;-2.19766
2.76018;-2.1976
2.76518;-2.19759
2.77018;-2.19764
2.77518;-2.19773
2.78018;-2.19787
2.78517;-2.19806
2.79017;-2.1983
2.79516;-2.19859
2.80015;-2.19894
2.80513;-2.19933
2.81011;-2.19977
2.81509;-2.20026
2.82006;-2.2008
2.82502;-2.20139
2.82998;-2.20203
2.83493;-2.20272
2.83988;-2.20346
2.84482;-2.20425
2.84975;-2.20506
2.85467;-2.20591
2.8596;-2.20679
2.86451;-2.2077
2.86942;-2.20864
2.87433;-2.20961
2.87923;-2.21061
2.88412;-2.21163
2.88901;-2.21269
2.89389;-2.21378
2.89876;-2.2149
2.90363;-2.21604
2.90849;-2.21722
2.91334;-2.21843
2.91818;-2.21966
2.92302;-2.22093
2.92785;-2.22222
2.93267;-2.22355
2.93749;-2.2249
2.94229;-2.22627
2.9471;-2.22766
2.95189;-2.22907
2.95669;-2.23049
2.96147;-2.23194
2.96626;-2.2334
2.97103;-2.23487
2.9758;-2.23637
2.98057;-2.23788
2.98533;-2.23941
2.99008;-2.24096
2.99483;-2.24253
2.99958;-2.24411
3.00431;-2.24571
3.00904;-2.24733
3.01377;-2.24896
3.01849;-2.25062
3.0232;-2.25229
3.02791;-2.25398
3.03261;-2.25568
3.0373;-2.2574
3.04199;-2.25913
3.04668;-2.26087
3.05137;-2.26261
3.05605;-2.26437
3.06073;-2.26612
3.06541;-2.26789
3.07008;-2.26966
3.07475;-2.27144
3.07942;-2.27323
3.08409;-2.27502
3.08876;-2.27683
3.09342;-2.27864
3.09808;-2.28045
3.10273;-2.28227
3.10738;-2.28411
3.11203;-2.28594
3.11668;-2.28779
3.12133;-2.28964
3.12597;-2.2915
3.13061;-2.29336
3.13523;-2.29528
3.13983;-2.29723
3.14441;-2.29924
3.14897;-2.30129
3.15351;-2.30338
3.15802;-2.30552
3.16252;-2.30771
3.16699;-2.30994
3.17145;-2.31222
3.17588;-2.31454
3.18028;-2.3169
3.18466;-2.31931
3.18902;-2.32176
3.19335;-2.32425
3.19766;-2.32679
3.20194;-2.32937
3.2062;-2.332
3.21043;-2.33466
3.21463;-2.33737
3.21884;-2.34007
3.22305;-2.34277
3.22727;-2.34545
3.23149;-2.34813
3.23572;-2.3508
3.23995;-2.35346
3.24419;-2.35611
3.24843;-2.35876
3.25268;-2.36139
3.25693;-2.36402
3.26119;-2.36664
3.26546;-2.36926
3.26972;-2.37186
3.27399;-2.37446
3.27827;-2.37705
3.28255;-2.37963
3.28684;-2.38221
3.29113;-2.38477
3.29543;-2.38733
3.29973;-2.38988
3.30404;-2.39242
3.30832;-2.395
3.31257;-2.39763
3.3168;-2.4003
3.321;-2.40301
3.32517;-2.40576
3.32932;-2.40856
3.33344;-2.41139
3.33752;-2.41427
3.34158;-2.41719
3.34561;-2.42015
3.34962;-2.42314
3.35359;-2.42618
3.35753;-2.42926
3.36144;-2.43238
3.36531;-2.43553
3.36916;-2.43873
3.37297;-2.44196
3.37675;-2.44523
3.3805;-2.44854
3.38422;-2.45189
3.3879;-2.45527
3.39155;-2.45869
3.39516;-2.46214
3.39874;-2.46564
3.40228;-2.46916
3.40579;-2.47273
3.40926;-2.47632
3.4127;-2.47996
3.4161;-2.48362
3.41946;-2.48732
3.42278;-2.49106
3.42607;-2.49482
3.42932;-2.49862
3.43253;-2.50245
3.43571;-2.50632
3.43884;-2.51021
3.44194;-2.51414
3.44499;-2.51809
3.44801;-2.52208
3.45099;-2.5261
3.45396;-2.53012
3.45693;-2.53414
3.4599;-2.53816
3.46287;-2.54218
3.46584;-2.54621
3.4688;-2.55024
3.47176;-2.55426
3.47472;-2.55829
3.47768;-2.56232
3.48064;-2.56636
3.48359;-2.57039
3.48654;-2.57443
3.48949;-2.57846
3.49244;-2.5825
3.49539;-2.58654
3.49833;-2.59059
3.50127;-2.59463
3.50421;-2.59867
3.50715;-2.60272
3.51004;-2.6067
3.5123;-2.61108
3.51388;-2.61574
3.51473;-2.62059
3.51485;-2.62551
3.51422;-2.63039
3.51287;-2.63512
3.51082;-2.6396
3.50812;-2.64371
3.50483;-2.64737
3.50102;-2.65049
3.49679;-2.65301
3.49223;-2.65486
3.48744;-2.656
3.48254;-2.65641
3.47763;-2.65608
3.47282;-2.655
3.46823;-2.65322
3.46397;-2.65077
3.46012;-2.6477
3.45672;-2.64403
3.45333;-2.64036
3.44993;-2.63669
3.44654;-2.63302
3.44314;-2.62935
3.43975;-2.62567
3.43636;-2.622
3.43296;-2.61833
3.42957;-2.61466
3.42617;-2.61099
3.42278;-2.60732
3.41939;-2.60365
3.41599;-2.59998
3.4126;-2.5963
3.4092;-2.59263
3.40581;-2.58896
3.40242;-2.58529
3.39902;-2.58162
3.39563;-2.57795
3.39223;-2.57428
3.38884;-2.5706
3.38544;-2.56693
3.38205;-2.56326
3.37866;-2.55959
3.37526;-2.55592
3.37187;-2.55225
3.36847;-2.54858
3.36508;-2.5449
3.36169;-2.54123
3.35829;-2.53756
3.3549;-2.53389
3.3515;-2.53022
3.34811;-2.52655
3.34472;-2.52288
3.34132;-2.5192
3.33793;-2.51553
3.33453;-2.51186
3.33114;-2.50819
3.32774;-2.50452
3.32435;-2.50085
3.32096;-2.49718
3.31756;-2.4935
3.31417;-2.48983
3.31077;-2.48616
3.30738;-2.48249
3.30399;-2.47882
3.30059;-2.47515
3.2972;-2.47148
3.2938;-2.4678
3.29041;-2.46413
3.28701;-2.46046
3.28362;-2.45679
3.28023;-2.45312
3.27683;-2.44945
3.27344;-2.44578
3.27004;-2.4421
3.26665;-2.43843
3.26326;-2.43476
3.25986;-2.43109
3.25647;-2.42742
3.25307;-2.42375
3.24968;-2.42008
3.24629;-2.4164
3.24289;-2.41273
3.2395;-2.40906
3.2361;-2.40539
3.23271;-2.40172
3.22931;-2.39805
3.22592;-2.39438
3.22253;-2.3907
3.21913;-2.38703
3.21574;-2.38336
3.21234;-2.37969
3.20895;-2.37602
3.20556;-2.37235
3.20216;-2.36868
3.19877;-2.36501
3.19537;-2.36133
3.19198;-2.35766
3.18859;-2.35399
3.18519;-2.35032
3.1818;-2.34665
3.1784;-2.34298
3.17501;-2.33931
3.17161;-2.33563
3.16822;-2.33196
3.16483;-2.32829
3.16143;-2.32462
3.15804;-2.32095
3.15464;-2.31728
3.15125;-2.31361
3.14786;-2.30993
3.14446;-2.30626
3.14107;-2.30259
3.13767;-2.29892
3.13428;-2.29525
3.13089;-2.29158
3.12749;-2.28791
3.1241;-2.28423
3.1207;-2.28056
3.11731;-2.27689
3.11391;-2.27322
3.11052;-2.26955
3.10713;-2.26588
3.10373;-2.26221
3.10034;-2.25853
3.09694;-2.25486
3.09355;-2.25119
3.09016;-2.24752
3.08676;-2.24385
3.08337;-2.24018
3.07997;-2.23651
3.07658;-2.23283
3.07318;-2.22916
3.06979;-2.22549
3.0664;-2.22182
3.063;-2.21815
3.05961;-2.21448
3.05621;-2.21081
3.05282;-2.20713
3.04943;-2.20346
3.04603;-2.19979
3.04264;-2.19612
3.03924;-2.19245
3.03585;-2.18878
3.03246;-2.18511
3.02906;-2.18143
3.02567;-2.17776
3.02227;-2.17409
3.01888;-2.17042
3.01548;-2.16675
3.01209;-2.16308
3.0087;-2.15941
3.0053;-2.15573
3.00191;-2.15206
2.99851;-2.14839
2.99512;-2.14472
2.99173;-2.14105
2.98833;-2.13738
2.98494;-2.13371
2.98154;-2.13003
2.97815;-2.12636
2.97476;-2.12269
2.97136;-2.11902
2.96797;-2.11535
2.96457;-2.11168
2.96118;-2.10801
2.95778;-2.10434
2.95439;-2.10066
2.951;-2.09699
2.9476;-2.09332
2.94421;-2.08965
2.94081;-2.08598
2.93742;-2.08231
2.93403;-2.07864
2.93063;-2.07496
2.92724;-2.07129
2.92384;-2.06762
2.92045;-2.06395
2.91706;-2.06028
2.91366;-2.05661
2.91027;-2.05294
2.90687;-2.04926
2.90348;-2.04559
2.90008;-2.04192
2.89669;-2.03825
2.8933;-2.03458
2.8899;-2.03091
2.88651;-2.02724
2.88311;-2.02356
2.87972;-2.01989
2.87633;-2.01622
2.87293;-2.01255
2.86954;-2.00888
2.86614;-2.00521
2.86275;-2.00154
2.85935;-1.99786
2.85596;-1.99419
2.85257;-1.99052
2.84917;-1.98685
2.84578;-1.98318
2.84238;-1.97951
2.83899;-1.97584
2.8356;-1.97216
2.8322;-1.96849
2.82881;-1.96482
2.82541;-1.96115
2.82202;-1.95748
2.81863;-1.95381
2.81523;-1.95014
2.81184;-1.94646
2.80844;-1.94279
2.80505;-1.93912
2.80165;-1.93545
2.79826;-1.93178
2.79487;-1.92811
2.79147;-1.92444
2.78808;-1.92076
2.78468;-1.91709
2.78129;-1.91342
2.7779;-1.90975
2.7745;-1.90608
2.77111;-1.90241
2.76771;-1.89874
2.76432;-1.89506
2.76093;-1.89139
2.75753;-1.88772
2.75414;-1.88405
2.75074;-1.88038
2.74735;-1.87671
2.74395;-1.87304
2.74056;-1.86936
2.73717;-1.86569
2.73377;-1.86202
2.73038;-1.85835
2.72698;-1.85468
2.72359;-1.85101
2.7202;-1.84734
2.7168;-1.84367
2.71341;-1.83999
2.71001;-1.83632
2.70662;-1.83265
2.70323;-1.82898
2.69983;-1.82531
2.69644;-1.82164
2.69304;-1.81797
2.68965;-1.81429
2.68625;-1.81062
2.68286;-1.80695
2.67947;-1.80328
2.67607;-1.79961
2.67268;-1.79594
2.66928;-1.79227
2.66589;-1.78859
2.6625;-1.78492
2.6591;-1.78125
2.65571;-1.77758
2.65231;-1.77391
2.64892;-1.77024
2.64552;-1.76657
2.64213;-1.76289
2.63874;-1.75922
2.63534;-1.75555
2.63195;-1.75188
2.62855;-1.74821
2.62516;-1.74454
2.62177;-1.74087
2.61837;-1.73719
2.61498;-1.73352
2.61158;-1.72985
2.60819;-1.72618
2.6048;-1.72251
2.6014;-1.71884
2.59801;-1.71517
2.59461;-1.71149
2.59122;-1.70782
2.58782;-1.70415
2.58443;-1.70048
2.58104;-1.69681
2.57764;-1.69314
2.57425;-1.68947
2.57085;-1.68579
2.56746;-1.68212
2.56407;-1.67845
2.56067;-1.67478
2.55728;-1.67111
2.55388;-1.66744
2.55049;-1.66377
2.5471;-1.66009
2.5437;-1.65642
2.54031;-1.65275
2.53691;-1.64908
2.53352;-1.64541
2.53012;-1.64174
2.52673;-1.63807
2.52334;-1.63439
2.51994;-1.63072
2.51655;-1.62705
2.51315;-1.62338
2.50976;-1.61971
2.50637;-1.61604
2.50297;-1.61237
2.49958;-1.60869
2.49618;-1.60502
2.49279;-1.60135
2.4894;-1.59768
2.486;-1.59401
2.48261;-1.59034
2.47921;-1.58667
2.47582;-1.583
2.47242;-1.57932
2.46903;-1.57565
2.46564;-1.57198
2.46224;-1.56831
2.45885;-1.56464
2.45545;-1.56097
2.45206;-1.5573
2.44867;-1.55362
2.44527;-1.54995
2.44188;-1.54628
2.43848;-1.54261
2.43509;-1.53894
2.43169;-1.53527
2.4283;-1.5316
2.42491;-1.52792
2.42151;-1.52425
2.41812;-1.52058
2.41472;-1.51691
2.41133;-1.51324
2.40794;-1.50957
2.40454;-1.5059
2.40115;-1.50222
